estabelecimento,estabelecimento_id,estabelecimento_tipo,usuario,data_avaliacao,data_visita,nota,titulo,conteudo,origem
Santa Matula - Casa Bistrô,14140408,restaurante-review,Jana_Gomes,2021-03-01,2021-02-06,5.0,"SENSACIONAL","O restaurante só atende mediante agendamento, um grupo por vez. Na verdade, é a casa da Adriana (proprietária) que serve comida mineira da melhor qualidade. O atendimento, a simpatia da Adriana e da sua mãe compõem ainda mais uma experiência gastronômica mto prazerosa.

Tudo com cuidado, carinho e cautela por causa do COVID, voltarei com certeza!","Belo Horizonte, MG"
Santa Matula - Casa Bistrô,14140408,restaurante-review,Ricardo O,2021-02-28,2021-02-06,5.0,"Almoço da Inconfidência ","Simplesmente a melhor comida mineira de todos os tempos que eu já experimentei.A costelinha estava divina.",indef
Santa Matula - Casa Bistrô,14140408,restaurante-review,264MichelleA264,2021-02-18,2021-02-06,5.0,"Melhor experiência gastronômica de OP","Fomos recebidos carinhosamente pela chef Adriana que nos levou a sua ante-sala, degustamos uma cerveja Ouropretana enquanto a entrada era posta a mesa. A comida estava impecável e extremamente saborosa! Amamos tudo! Não deixem de viver essa experiência e façam a reserva com antecedência. Obrigada Adriana por nos receber em sua casa com tanto carinho e afeto.","Belo Horizonte, MG"
Santa Matula - Casa Bistrô,14140408,restaurante-review,fabiolag466,2021-02-15,2021-02-06,5.0,"Comida mineira","Excelente! Acolhedor, encantador, comida e papo ótimos com a anfitriã. Restaurante de porta fechada. É obrigatório reserva, pois a refeição é preparada especialmente pra você. Vale a pena conhecer!","Santo André, SP"
Santa Matula - Casa Bistrô,14140408,restaurante-review,459fernandoaugustoa,2021-02-12,2021-02-06,5.0,"Excelente","A verdadeira experiência mineira. Incrível receptividade, num ambiente autêntico e aconchegante, com comida caseira deliciosa.",indef
Santa Matula - Casa Bistrô,14140408,restaurante-review,romulomarcel,2021-01-19,2021-01-06,5.0,"Uma experiência cultural!","Mais que gastronomia: uma experiência cultural!
A proposta do Santa Matula é oferecer ao cliente uma experiência exclusiva, que consiste em ser recebido na casa das anfitriãs, Adriana e sua mãe, para uma refeição deliciosa.
Apenas um grupo, de no máximo 8 pessoas, é recebido por vez, daí a necessidade de reservar e escolher os pratos com antecedência. A comida é preparada apenas para aquele grupo!
Impossível dizer o que estava melhor, se o arroz, a carne de porco, o angu de milho ou o feijão; imperioso elogiar a simpatia das donas. Não fosse isso bastante, tudo acontece num casarão da belíssima Ouro Preto.
Mais que recomendo!","Fortaleza, CE"
Santa Matula - Casa Bistrô,14140408,restaurante-review,Cesar25602,2021-01-11,2020-09-06,5.0,"Melhor de Ouro Preto!","Eu e minha esposa estivemos na Santa Matula em setembro de 2020, após termos visto um vídeo no YouTube, totalmente por acaso, num canal chamado Viver - Curitiba que inspira. Chegamos cedo e fomos recebidos pela Adriana, que nos acomodou na sala da sua própria casa, onde nos serviu uma entrada deliciosa e onde degustamos uma cerveja artesanal bem gelada. Vale um registro a respeito da casa: antiga, é verdade, mas com uma vista deslumbrante do belo cenário de Ouro Preto. A comida (carne de lata, tutu, arroz, couve e torresmo) estava maravilhosa, na quantidade certa, sem economia. Tudo feito com muito capricho e cuidado! Queremos voltar logo!","Brasil"
Santa Matula - Casa Bistrô,14140408,restaurante-review,thiagol422,2021-01-11,2021-01-06,5.0,"Simplesmente incrível","A experiência de jantar é indescritível. Sensação de voltar no tempo ao experimentar deliciosa comida dentro de um casarão colonial de 200 anos de idade. Chef Adriana além de excelente cozinheira é uma anfitriã maravilhosa. Desde o primeiro minuto nos sentimos como se fôssemos da família. Queria poder dar 10 estrelas. Um dia voltarei com certeza.",indef
Santa Matula - Casa Bistrô,14140408,restaurante-review,jpvtraveler,2021-01-10,2021-01-06,5.0,"Excelente escolha!","Excelente escolha! Ambiente muito agradável e a proposta de passar um tempo na sala do casarão permite experimentar uma Ouro Preto de outros tempos, em especial aproveitar da vista das sacadas do imóvel. Os pratos, de igual forma, impecáveis, assim como a atenção dispensada pela Adriana. É preciso reservar com antecedência e já escolher o prato que será servido. Recomendo fortemente e espero voltar mais vezes.","Três Corações, MG"
Santa Matula - Casa Bistrô,14140408,restaurante-review,132janainar,2021-01-08,2021-01-06,5.0,"Jantar Maravilhoso","Ambiente acolhedor e intimista, comida deliciosa, música agradável, lugar perfeito para apreciar a comida da chef Adriana.",indef
Santa Matula - Casa Bistrô,14140408,restaurante-review,luizfernandop41,2021-01-07,2021-01-06,5.0,"Experiência incrível","Comida extremamente saborosa e bem servida, espaço incrível e experiência exclusiva e super individual. Atendimento excelente e muito bem localizado. O custo benefício é muito compatível com a experiência oferecida.",indef
Santa Matula - Casa Bistrô,14140408,restaurante-review,860osmarl,2020-12-29,2020-12-06,5.0,"Jantar em família na cidade de Ouro Preto MG.","Experiência sensacional em Ouro Preto - MG. Jantar personalizado. O restaurante é a própria residência dos proprietários, casa bicentenária ao lado da feira de artesanato. Fomos recebidos na sala de estar da casa onde foram servidas as bebidas e entrada. Depois seguimos para a sala de jantar onde tudo já estava pronto. Comida mineira tradicional perfeitamente temperada. Ingredientes de primeira. Me senti jantando na casa de um parente ou amigo próximo. Muito aconchegante. Preço justo. Altamente recomendável.","Belo Horizonte, MG"
Santa Matula - Casa Bistrô,14140408,restaurante-review,R375VVcrisb,2020-12-27,2020-12-06,5.0,"Uma experiência deliciosa","Me senti acolhida, a Adriana é muito simpática e atenciosa. O ambiente é aconchegante e a comida deliciosa, desde a entrada de batata com molho de queijo, ao prato principal de Carbonara caipira e fechando com chave de ouro a sobremesa de banana flambada com sorvete que é de coner rezando.Ameiii quero voltar mais vezes!",indef
Santa Matula - Casa Bistrô,14140408,restaurante-review,Marcos O,2020-12-22,2020-12-06,5.0,"Santa Matula... Experiência única e especial!!!..","Tivemos o privilégio de conhecer e almoçar no Santa Matula. Uma experiência gastronômica única. Você é recepcionado, acolhido e tratado carinho e simpatia do início ao fim. E o que falar da comida?.. Delicadeza de sabores, temperos, aroma, harmonia, capricho, amor colocado em cada detalhe. Optamos pelo prato Chico Rei, tipicamente mineiro, que vem com a famosa carne da lata, couve, torresmo, tutu de feijão, ovos cozidos, arroz... Simplesmente divino! Se está procurando um local especial para almoçar ou jantar, não deixe de reservar o seu horário, pois a comida é feita com exclusividade para você. Adriana e Dona Ana, vocês são pessoas especiais e que dominam a arte de receber e encantar as pessoas. Muito obrigado por nos receber em sua casa e nos oferecer uma das melhores experiências gastronômicas que já tivemos a oportunidade de ter. Voltaremos sempre é indicamos com louvor o Santa Matula. Parabéns! Forte abraço! Marcos e Karina - Rio de Janeiro","São Pedro da Serra, RJ"
Santa Matula - Casa Bistrô,14140408,restaurante-review,catarinalmeida94,2020-12-21,2020-12-06,5.0,"Adriana é muito simpática e apaixonada pelo o que faz","O frango caipira com quiabo, tutu, arroz e angu estava divinamente incrível! A ambrosia de sobremesa foi a melhor que comemos na vida. Experiência maravilhosa, recomendo a todes.","Rio de Janeiro, RJ"
Santa Matula - Casa Bistrô,14140408,restaurante-review,tiagocoutosax,2020-12-21,2020-12-06,5.0,"Recomendo ","Lugar familiar, muito acolhedor, muito vem localizado, à metros da Praça Tiradentes. Comida mineira extremamente saborosa e preparada com muito cuidado!","Ouro Preto, MG"
Santa Matula - Casa Bistrô,14140408,restaurante-review,andersoniorioo,2020-12-08,2020-11-06,5.0,"Ótima Experência!","Todo mundo que for a Ouro Preto precisa ter essa experiencia maravilhosa que é comer uma comidinha mineira, feita na hora e especialmente e exclusivamente pra você. As meninas abrem sua casa, que por sinal é um show a parte, lindíssima... uma construção dos séculos passados e enquanto você toma algo, elas vão preparando sua refeição. A vista é maravilhosa. Comida de extrema qualidade e super caseira mesmo. Super recomendo a experiência.",indef
Santa Matula - Casa Bistrô,14140408,restaurante-review,llisboa,2020-11-29,2020-11-06,5.0,"Uma Experiência diferenciada,","Uma Experiência diferenciada, Adriana e sua mãe te fazem sentir em casa, com uma ótima comida e muito carinho! A casa é um espetáculo à parte, voltarei sempre!!!","Belo Horizonte, MG"
Santa Matula - Casa Bistrô,14140408,restaurante-review,annapfelicio,2020-11-23,2020-11-06,5.0,"Afável","Experiência incrível! Ótimo atendimento, comida deliciosa, ambiente aconchegante e intimista. Tem uma sacada com vista linda de OP. Tudo preparado com muito carinho. Além de servirem uma cachaça maravilhosa de cortesia. Voltarei com toda certeza.","Belo Horizonte, MG"
Santa Matula - Casa Bistrô,14140408,restaurante-review,DaniAndre2020,2020-11-18,2020-11-06,5.0,"Experiencia inesquecivel das delicias da cozinha mineira","Foi uma surpresa deliciosa ao chegar ao Santa Matula, ser recebido pela cordial Adriana e provar das delicias da cozinha mineira. Da entrada as deliciosas sobremesas, tudo estava impecável... o set up da mesa, a cachaça oferecida como cortesia, ao tutu, carne de lata... simplesmente tudo perfeito. Já estamos ensaiando nosso retorno ao Santa Matula. Imperdivel em Ouro Preto.","Londres, Reino Unido"
Santa Matula - Casa Bistrô,14140408,restaurante-review,ellenvasques,2020-11-04,2020-11-06,5.0,"Impecável","Um lugar maravilhoso! Uma volta no tempo com um tempero incrível, um atendimento que te faz sentir acolhido e especial! Eu ameiiii e vou voltar com toda a certeza!","Ouro Preto, MG"
Santa Matula - Casa Bistrô,14140408,restaurante-review,Jordandiniz,2020-11-02,2020-11-06,5.0,"Almoço em Ouro Preto","Experiência incrível, a começar pelo atendimento das proprietárias e simpatia, o almoço estava fantástico e experimentamos o angu de milho verde e a costelinha com ora pro nóbis tudo muito saboroso e a lembrança da comida da casa da avó foi inevitável. O ambiente é lindo e o belo rústico de Ouro Preto estava presente em cada detalhe.","Belo Horizonte, MG"
Santa Matula - Casa Bistrô,14140408,restaurante-review,leandraelisa,2020-11-01,2020-10-06,5.0,"Santa Matula - Ouro Preto/MG","Excelente experiência do início ao fim! Sem dúvidas, o melhor angu de milho verde você encontra no Santa Matula! Fora o atendimento individual e excepcional. Voltarei mais vezes!",indef
Santa Matula - Casa Bistrô,14140408,restaurante-review,eurodrigo,2020-09-11,2020-09-06,5.0,"Muito bom!","Fomos para jantar, comemorar 15 anos de casados. Tudo perfeito, experiência incrível! Atendimento excepcional da Adriana!",indef
Santa Matula - Casa Bistrô,14140408,restaurante-review,costadella,2020-03-09,2020-01-06,5.0,"Experiência incrível!!!","Atendimento, comida e ambiente excepcionais!!! Vale muito a pena. Uma experiência gastronômica incrível.",indef
Santa Matula - Casa Bistrô,14140408,restaurante-review,tatianethalya,2020-03-01,2020-02-06,5.0,"Experiência única!!!","Cada detalhe fez com que voltássemos no tempo em pleno século XXI. A experiência começa logo na entrada onde não há campainha e sim puxadores antigos de ferro. A receptividade da Adriana foi super acolhedora e o ambiente da casa nos fez viajar no tempo enquanto aguardávamos na sala de estar a nossa entrada. A mesa estava linda, comida extremamente mineira, saborosa e feita com muito amor. Um destaque especial para o creme de queijo que veio acompanhado de batatas e o angu de milho verde, fora de sério de tão gostoso. Os pratos servem tranquilamente duas pessoas e o pagamento pode ser feito no cartão (crédito/débito) ou dinheiro.

Toda essa experiência é feita mediante a reserva, que é realizada via wpp diretamente com a Adriana. No Instagram da Santa Matula você pode encontrar o telefone e o cardápio já com valores.",indef
Santa Matula - Casa Bistrô,14140408,restaurante-review,Daniellacosta25,2020-02-15,2020-02-06,5.0,"De volta ao aconchego","Voltei ao Santa Matula em fevereiro. Eu havia feito uma primeira visita sozinha em 2018 ... e decidi voltar com família e amigos para uma comemoração! O lugar atende bem uma ou oito pessoas. Marcamos com antecedência como manda o figurino! A comida estava estava exatamente como me lembrava... maravilhosa! E rever aquela casinha foi uma delícia! Recomendo!",indef
Santa Matula - Casa Bistrô,14140408,restaurante-review,juliomarcal,2020-02-13,2020-02-06,5.0,"Experiência maravilhosa","Incrível atendimento e comida. Almoçamos e também fizemos a oficina de pão de queijo. Ambos recomendados, imersão na culinária mineira de verdade e sem frescura. Reservem 2h do passeio e se encantem!!","Sao Jose, Brazil"
Santa Matula - Casa Bistrô,14140408,restaurante-review,ritaursine,2020-02-06,2020-02-06,5.0,"Jantar comemoração aprovação UFOP","Comida maravilhosa, ambiente familiar super aconchegante. Mas vale lembrar que o atendimento é feito sob reserva, assim como a escolha do cardápio. Vale super a pena experimentar.",indef
Santa Matula - Casa Bistrô,14140408,restaurante-review,claudiacW1258TP,2020-02-02,2020-02-06,5.0,"Uma experiência gastronômica muito feliz.","Uma experiência gastronômica maravilhosa! Uma boa surpresa, agradou toda família. A casa acolhedora é muito agradável, as anfitriãs são muito gentis e com mãos de fada. Que delícia!!! Necessário reservar por ser muito exclusivo. Valeu muito, voltarei sempre que vier em Ouro Preto! Super recomendo!",indef
Santa Matula - Casa Bistrô,14140408,restaurante-review,Marcus Daniel M,2020-01-31,2020-01-06,5.0,"Delícia de tarde","No fim do dia cheguei para a oficina de pão de queijo onde aprendi os truques para preparar essa iguaria ícone de nossa cozinha mineira. A receptividade da Adriana e da D. Ana é tão grande que é difícil levantar da mesa depois do delicioso café servido no final. Recomendo muito.",indef
Santa Matula - Casa Bistrô,14140408,restaurante-review,alessandrafonsecag,2020-01-24,2020-01-06,5.0,"Jantar no Santa Matula","A experiência proporcionada no Santa Matula é incrível! O jantar, agendado previamente, é maravilhoso, tudo feito com carinho e excelência! Sem contar o ambiente, um casarão lindo, no centro da cidade, com um ar muito aconchegante! Recomendo a todos que agendem os serviços oferecidos pelo Santa Matula e desfrutem dessa opção ao visitar Ouro Preto!",indef
Santa Matula - Casa Bistrô,14140408,restaurante-review,catia k,2020-01-22,2020-01-06,5.0,"experiencia incrivel","Ser atendida exclusivamente, em um ambiente local, um de casarão tipico, incluindo uma incrível vista da torre da Igreja de São Francisco de Assis iluminada a partir da sala de jantar. Comida caseira mineira autêntica feita com carinho, deliciosa, um vinho.... tudo de bom.
Vale observar que o atendimento é feito apenas mediante reserva e esolha do cardapio com antecedencia.
Não deixem de reservar, será uma experiencia impar.",indef
Santa Matula - Casa Bistrô,14140408,restaurante-review,Issbelk,2020-01-22,2020-01-06,5.0,"Excelente","A anfitriã literalmente nos abriu as portas da sua linda casa para desfrutarmos de uma experiência gastronômica com uma comida caseira muito saborosa!
Pedimos uma entrada, um prato para compartilhar (normalmente para duas pessoas, mas como éramos em três o fizeram proporcional para nós), sobremesa, vinho, água, café.
A nossa experiência foi super agradável e gostosa. Saímos de lá muito satisfeitos!

Uma coisa muito importante: a Santa Matula somente atende mediante reserva antecipada (via whatsapp). Assim que a reserva foi feita, nós recebemos o cardápio do dia (com os valores) para escolhermos os pratos. Tudo muito fácil e rápido. Eles aceitam cartão de crédito e débito.",indef
Santa Matula - Casa Bistrô,14140408,restaurante-review,Elcio G,2020-01-08,2020-01-06,5.0,"Uma excelente experiência gastronômica em Ouro Preto","Comida e sobremesa divinas. Uma experiência muito especial da autêntica comida caseira mineira. Almoço customizado, comida caseira e em família.",indef
Santa Matula - Casa Bistrô,14140408,restaurante-review,Lucviagens,2020-01-04,2020-01-06,5.0,"Almoço em família","Almoçar no Santa Matula foi uma experiência incrível. Descobri o local na internet. Em função das boas indicações e informações disponíveis, entrei no site, vi fotos do local e o cardápio (com preços atualizados). Escolhi Costela de porco defumada com molho de rapadura temperada com gengibre e com purê de batatas. Escolha do local e prato muito acertadas. Marcamos a hora e cardápio do almoço pelo WhatsApp . Chegamos um pouco antes. Fomos recebidos pela proprietária que nos levou a sala da casa para aguardarmos um pouco pelo almoço. Tudo começou aí. Local agradável e fomos embalados pelo aroma da comida... Drpous convidados a ir a sala de jantar, encontramos uma mesa muito bem posta nos esperando. Tudo deliciosoooo",indef
Santa Matula - Casa Bistrô,14140408,restaurante-review,maluacctcc,2020-01-04,2020-01-06,5.0,"Comemorar bodas de ouro dos sogros","Local aconchegante e excelente. A comida excepcional e preparada com muito carinho. E o atendimento perfeito.","Aracaju, SE"
Santa Matula - Casa Bistrô,14140408,restaurante-review,Marcella M,2019-12-25,2019-12-06,5.0,"Experiência incrivel","Comida mineira raiz, simpatia e acolhimento! Espaço incrivel para um almoco em família, uma tarde incrivel e inesquecivel! Os sabores ficarão eternizados na minha cabeça! Obrigada por me emocionaram tanto com o poder da boa comida mineira!",indef
Santa Matula - Casa Bistrô,14140408,restaurante-review,ciceradiana,2019-12-24,2019-12-06,5.0,"Agradável experiência","Agendei um almoço devido às ótimas avaliações do TripAdvisor e ainda assim nos surpreendemos. Lugar aconchegante, ótimo atendimento e a comida estava excelente! Ótimo tempero. Destaque para o molho de queijo servido com pães quentinhos como entrada. Adorei e volto com certeza!","Belo Horizonte, Brasil"
Santa Matula - Casa Bistrô,14140408,restaurante-review,lucigoulart,2019-12-23,2019-12-06,5.0,"Comida maravilhosa","Eu tinha visto as avaliações do Santa Matula aqui e fiquei empolgada para conhecer. Fiz a reserva por whatsapp assim que cheguei em Ouro Preto. Esperava uma boa comida, mas a realidade foi muito melhor que a expectativa. A Adriana e a Ana são muito simpáticas e receptivas. Tornam a visita bem agradável. Além do bom gosto na escolha da playlist (MPB). E a comida é maravilhosa! O marido simplesmente amou a galinha à cabidela e o frango com quiabo (gostamos tanto que voltamos no dia seguinte). Tudo muito saboroso: a costelinha ao molho de rapadura, o angu de milho, o carbonara caipira e a ambrosia. A cidade é uma delícia, mas o evento mais marcante foi conhecer esse restaurante.","São Paulo, SP"
Santa Matula - Casa Bistrô,14140408,restaurante-review,LuAndRod,2019-12-11,2019-12-06,5.0,"Experiência gastronômica intimista maravilhosa!","Lugar lindo e acolhedor, um maravilhoso casarão em Ouro Preto, charmoso, limpo e bem cuidado. Comida deliciosa, fresquinha, fait maison, com gostinho de comida da vovó! Adriana nos recebe com muito carinho e hospitalidade, nos faz sentir em casa. E com certeza nos faz querer voltar! Lugar muito simpático também pra quem vem com crianças pequenas, como no nosso caso. Tranquilo pra que eles possam brincar ou mesmo dormir no quarto ao lado enquanto comemos. Expérience à ne pas rater!! Incontournable! Voltaremos com certeza!","Belo Horizonte, MG"
Santa Matula - Casa Bistrô,14140408,restaurante-review,cassio181,2019-10-16,2019-10-06,5.0,"Comida mineira de qualidade","Deliciosa comida mineira , feita para voce e em casa ! D.Ana e cozinheira de mão cheia ! Funciona assim vocês escolhe o cardápio via wats up elas fazem para especialmente você e te servem na casa delas, a costelinha sem gordura nenhuma um sabor maravilhoso couve fresca , feijão novinho , tudo feito por quem sabe , e ainda a experiencia de ser recebido num casarão de Ouro Preto , simplesmente sensacional ! Obrigado D Ana !","Belo Horizonte, MG"
Santa Matula - Casa Bistrô,14140408,restaurante-review,faiala,2019-09-22,2019-09-06,5.0,"Uma casa acolhedora com uma comida incrível!","A dona, Adriana, te abraça com um sorriso intenso ao abrir a porta, e ao subir alguns degraus o casarão te acolhe num afago gostoso de uma atmosfera intimista. A comida, escolhida no momento da reserva, chega fresca, rapidinha e DE-LI-CI-O-SA!
Foi uma experiência incrível que merece ser sentida e apreciada inúmeras vezes!","Ouro Preto, MG"
Santa Matula - Casa Bistrô,14140408,restaurante-review,anapaulamatos2311,2019-09-21,2019-09-06,5.0,"Excelente!!","Super recomendo! Uma experiência diferente, mas muito bacana! É a casa da Adriana, que é super simpática, desde o primeiro contato, chegamos no horário combinado e nos deliciamos com um tutu a mineira DIVINO!!! O prato atende duas pessoas perfeitamente. Com certeza voltaremos em outra oportunidade.","Belo Horizonte, MG"
Santa Matula - Casa Bistrô,14140408,restaurante-review,thamyresmarques88,2019-09-17,2019-09-06,5.0,"Deliciosa Experiência","Tive a deliciosa oportunidade de apreciar o café da manhã e jantar do Santa Matula.
Adriana e dona Ana são mulheres sensacionais que amam o que fazem. Café da manhã bem variado, com pães, queijo, geleia, ovos mexidos, frutas, suco, leite, pão de queijo... Gostei especialmente do iogurte caseiro e do bolo de cenoura com cobertura de chocolate, hummm.
O jantar é muito bem servido, com direito a entrada, prato principal, vinho (ou até uma cachacinha) e um cafezinho maravilhoso com música ambiente (ouvimos Astor Piazzolla) em um casarão muito bem decorado. Eu e meu marido pedimos o prato “Maria do Ouro Fino” que vem frango caipira com quiabo acompanhado de um maravilhoso angu cremoso de milho verde, arroz branco e feijão batido, tudo muito bem temperado e gostoso. Fomos recebidos com muito carinho e com certeza voltaremos!!!","Vitória, ES"
Santa Matula - Casa Bistrô,14140408,restaurante-review,marcelalopezz,2019-09-08,2019-09-06,5.0,"Restaurante familiar e delicioso - imperdível ","Localizado em um casarão colonial típico, muito bem decorado. Adriana e Dona Ana são ótimas anfitriãs e nos oferecem comida mineira da melhor qualidade, com direito à bebida aperitiva, entrada, prato principal, sobremesa e cafezinho. Destaque para o creme de alho poró e para a costelinha com molho de rapadura e gengibre. Eu e minha família queremos voltar a Ouro Preto para nos hospedarmos lá também (quartos Airbnb) e experimentar o café da manhã.","Rio de Janeiro, RJ"
Santa Matula - Casa Bistrô,14140408,restaurante-review,VivianeRacioppi,2019-08-31,2019-08-06,5.0,"Ótima experiência!","Fomos recebidos pela simpática Adriana e por sua mãe. É um ambiente familiar e aconchegante. Por ser a casa da família, deve-se reservar com antecedência e escolher o cardápio também anteriormente. A comida é deliciosa! Vale a experiência! Recomendo!","Belo Horizonte, MG"
Santa Matula - Casa Bistrô,14140408,restaurante-review,Heloisa B,2019-08-26,2019-08-06,5.0,"experiência deliciosa - comida deliciosa e boa acolhida","um jantar deliciosa na casa de mineiras que recebem com carinho. a comida é deliciosa. éramos 8 e combinamos 2 pratos: costelinhas defumadas com molho de rapadura e purê de batata com queijo mineiro e frango com quiabo com angu de milho verde. as entradinhas estavam saborosas, especialmente a batata chips com creme de queijos. a goiabada, o doce de leite, o doce de figo, a ambrosia e o queijo do serro estavam maravilhosos. é preciso combinar com antecedência, pois elas recebem apenas um grupo por vez e tudo é feito na hora e conforme combinado. adriana e ana maria recebem com amor e competência. voltarei!!!","São Paulo, SP"
Santa Matula - Casa Bistrô,14140408,restaurante-review,Seaside23785245526,2019-08-10,2019-08-06,5.0,"Uma experiência de hospitalidade e delicada comida mineira. Uma experiencia,não! voltamos no dia seguinte","Adriana e Ana nos receberam em casa para jantares previamente acertados. Os pratos revelaram muito sobre uma culinária mineira autêntica e com sabores mais sutis que em bons restaurantes dessa culinária. Deve-se a um preparo e a ingredientes selecionados por Adriana e Ana, que esbanjam simpatia e compromisso.",indef
Santa Matula - Casa Bistrô,14140408,restaurante-review,mirosantanna,2019-07-30,2019-07-06,5.0,"Comida de casa","Excelente recepção e comida de Adriana. Preços justos. Muito prestativa e aberta em relação ao cardápio. Com opções vegetarianas. Ganhamos um dengo a mais na entrada com um bolinho de espinafre que não tinha no cardápio. Minha farofinha do PF estava fria, mas nada que atrapalhasse a experiência. Tudo muito bem temperado e delicioso. Uma experiência única e que vale muito a pena.","Ouro Preto, MG"
Santa Matula - Casa Bistrô,14140408,restaurante-review,luana v,2019-07-23,2019-07-06,5.0,"Tudo maravilhoso!","Não tem preço ser recebida num aconchegante casarão colonial e quanto a comida, simplesmente a melhor experiência gastronômica que tive em ouro preto!",indef
Santa Matula - Casa Bistrô,14140408,restaurante-review,Thaiana F,2019-07-08,2019-07-06,5.0,"A melhor comida de OP","Não temho duvidas que foi a melhor comida, que comi em Minas, a Adriana e a D. Ana (Mãe dela) . Abriram sua casa para nos receber, em um jantar exclusivo para nós dois , quando chegamos escolhemos a música ... e elas foram terminar o jantar !!

Quando chegou que delicia !! Parecia a comida que minha Vó fazia .. uma lembrança tão boa !!!

Comida super saborosa, fresquinha, sem duvidas a melhor comida que comemos em Ouro Preto","Campinas, SP"
Santa Matula - Casa Bistrô,14140408,restaurante-review,Cleide C,2019-07-05,2019-07-06,5.0,"Maravilhosa experiência!","Lugar onde se come primeiro com os olhos e depois se delicia. Comida maravilhosa e deliciosa, tudo sem defeitos. Além do atendimento perfeito. Recomendo!!!",indef
Santa Matula - Casa Bistrô,14140408,restaurante-review,Clara F,2019-07-05,2019-07-06,5.0,"Excelente","Tudo perfeito! Atendimento ótimo, comida deliciosa, maravilhoso. Tudo estava impecável. Recomendarei a todos!!!",indef
Santa Matula - Casa Bistrô,14140408,restaurante-review,Fernanda F,2019-07-04,2019-07-06,5.0,"Excelente!!!! Sem igual....","Como dizem em Goiás, é bom demais da conta! Maravilhoso! Almoçamos dois dias no Santa Matula. O frango ao molho pardo é de comer rezando. Se você quer uma comida mineira de qualidade e ótimo atendimento, esse é o lugar. A Adriana e sua mãe fazem com que você se sinta em casa. Ambiente muito agradável. A Adriana preparou um tutu, que não acompanhava o prato, só para me agradar(sou apaixonada por tutu). Só tenho a agradecer a hospitalidade e excelente comida!!!! Não tenho nem palavras para descrever o angu de milho verde e o chuchu que acompanhavam o prato. Voltaria mil vezes.....","Goiânia, GO"
Santa Matula - Casa Bistrô,14140408,restaurante-review,Rafevans,2019-06-22,2019-06-06,5.0,"Jantar Secreto","Excelente atendimento, comida muito saborosa! Dá para sentir um pouco como é “morar” em Ouro Preto! Perfeito para um jantar a dois. Eu e minha esposa nos sentimos em casa! Parabéns às chefs Adriana e D. Ana, certamente voltaremos!","Belo Horizonte, MG"
Santa Matula - Casa Bistrô,14140408,restaurante-review,Fábio S,2019-06-13,2019-06-06,5.0,"Excelente ambiente e comida","Uma boa opção para um jantar romântico. Ambiente aconchegante e uma comida feita com muito capricho e carinho. Voltaremos com certeza.",indef
Santa Matula - Casa Bistrô,14140408,restaurante-review,Fábio P,2019-05-24,2019-05-06,5.0,"Ouro Preto, sensacional","Ficar hospedado na casa de Adriana foi uma experiência muito acolhedora. Seja pela recepção, pelas dicas, pelo cuidado e pelas delícias servidas.
O Santa Matula oferece uma localização maravilhosa, próximo ao centro de Ouro Preto e estabelecido em um sobrado histórico. Amei a estadia e esta cidade linda. Certamente voltarei!!",indef
Santa Matula - Casa Bistrô,14140408,restaurante-review,MariaHelena0305,2019-05-18,2019-05-06,5.0,"Comida divina","O Santa Matula oferece pretos da cozinha mineira tradicional mesclados com toques da cozinha contemporânea. Elas oferecem também as cervejas artesanais produzidas na cidade. A própria casa onde o bistrô funciona é um encanto de lugar - o sobrado colonia oferece, a partir de suas sacadas, vistas lindas das ladeiras de Ouro Preto.Enquanto a gente se banquetei-a com uma comida divina, escuta-se o suprasumo da MPB numa harmonia perfeita.","João Pessoa, PB"
Santa Matula - Casa Bistrô,14140408,restaurante-review,Cíntia d,2019-05-17,2019-05-06,5.0,"Comida maravilhosa, recepção acolhedora e ambiente agradabilíssimo","Comida maravilhosa, recepção acolhedora e ambiente agradabilíssimo. Já fui algumas vezes e experimentei vários pratos. A bacalhoada é muito gostosa, o frango com quiabo é divino, a costelinha com angu de milho também é incrível. A ambrosia é de enlouquecer também!",indef
Santa Matula - Casa Bistrô,14140408,restaurante-review,danielasantosreis,2019-04-30,2019-04-06,5.0,"Excelente experiência!","Eu e meu marido jantamos no bistrô durante o feriado da semana santa e foi uma das melhores comidas que já experimentamos, a um preço super justo!! Pedimos o carbonara caipira e a costelinha defumada com molho de rapadura, ficamos impressionados, tudo uma delícia!! O atendimento é personalizado pois elas atendem cada cliente com horário marcado. As entrada de pães e as sobremesas (ambrosia e banana flambada) também estavam maravilhosas!! Vale a pena conhecer o Bistrô. A casa é linda, típica de Ouro Preto, e as chefs Adriana e Ana são uma simpatia! Talentosas de mais!",indef
Santa Matula - Casa Bistrô,14140408,restaurante-review,Erikka35,2019-04-28,2019-04-06,5.0,"Noite inesquecível ! ","Não deixe de vivenciar essa incrível experiência em Ouro Preto ! Fomos eu e meu marido comemorar nosso aniversário de casamento e foi incrível . As anfitriãs ao mesmo tempo que te deixam a vontade te recebem muito bem. Não menos importante é o sabor dos pratos, ponto perfeito das carnes, comida bem tempera e preparada nos mínimos detalhes. Reserve e aproveite.
Voltaremos","Rio de Janeiro, RJ"
Santa Matula - Casa Bistrô,14140408,restaurante-review,Carolina_Marquesz,2019-04-28,2019-04-06,5.0,"Deliciosa experiência !","Essa foi uma das deliciosas surpresas de Ouro Preto. Uma experiência gastronômica incrível ! Personalizado, com a hospitalidade mineira, excelente comida e ótimas companhias. Adriana e a Ana são encantadoras! Mas atenção: tem que fazer reserva antecipada, via wapp e escolher o cardápio.","Rio de Janeiro, RJ"
Santa Matula - Casa Bistrô,14140408,restaurante-review,Flavio H,2019-02-09,2019-02-06,5.0,"Delícia de almoço!","Fomos muito bem recebidos pela Ana e Adriana, que foram encantadoras. A casa é linda e no coração de Ouro Preto. A comida é maravilhosa e muito farta, uma delícia. As crianças adoraram correr pela casa. Recomendamos demais a experiência.",indef
Santa Matula - Casa Bistrô,14140408,restaurante-review,Babi F,2019-01-25,2019-01-06,5.0,"Delicioso e Aconchegante","A Adriana abre as portas da casa dela para te receber com uma comidinha muito especial!
Você entra em contato com ela e ela te passa o cardápio (por WhatsApp mesmo, os pratos individuais ficam na faixa dos 25,00 a 40,00; e os pra duas pessoas de 60,00 a 90,00), você escolhe o que vai comer e agenda o horário de sua refeição.
A comida é deliciosa, a casa é linda, e a Adriana é uma pessoa incrível! Super recomendo!
(Aliás, ela e sua mãe também são anfitriãs através do AirBnB, então além do jantar/almoço se você quiser prolongar sua experiência nesse lugar incrível vale a pena pesquisar sobre estadia por la)",indef
Santa Matula - Casa Bistrô,14140408,restaurante-review,Simone C,2019-01-15,2019-01-06,5.0,"A melhor experiência em Ouro Preto","Sabe a comida com gostinho de mãe, de vó? Sabe a simpatia mineira, aquele sorriso honesto, que te cativa? Sabe o ambiente simples, aconchegante e acolhedor? Minha experiência foi maravilhosa! Comida impecável, que dá pra ver que é feita com muito cuidado e carinho. Se você tiver apenas uma noite, passe por lá, pois é retorno garantido! Só precisa agendar antes... elas trabalham com reserva para criar para cada pessoa que lá chega uma experiência única. Servem almoço e jantar... pelo whatsapp foi possível acertar tudo com muita rapidez! O preço também é bastante convidativo... enfim, SUPER RECOMENDO!","Osasco, SP"
Santa Matula - Casa Bistrô,14140408,restaurante-review,77andr_n,2019-01-08,2019-01-06,5.0,"Experiência Gastronômica","Chegar na cidade de Ouro Preto já é uma viagem no tempo. O almoço e a experiência oferecida por este bistrô, completa a imersão na história de MG. A comida é deliciosa e especialmente preparada para cada visitante, pois deve ser previamente combinado data, horário e cardápio. Eu consegui agendar pela manhã o nosso almoço. Uma maravilha! Desejo à Dri e à Ana, muita sorte, saúde e sucesso! Ahhh... e é pertinho da praça!",indef
Santa Matula - Casa Bistrô,14140408,restaurante-review,ketoly,2018-11-16,2018-11-06,5.0,"Casa da vovó","Essa será uma avaliação especial...
Sabe aquele lugar onde você entra e não quer mais sair? Que se sente acolhido, com jeitinho de casa de vó? Pois bem, essa é a Santa Matula!
As donas abrem a sua casa para receber os cliente com os pratos preparados na hora, unicamente para você.
O sabor é inigualável, de todos os restaurantes que fui até hoje, esse definitivamente foi o melhor, e será difícil superá-lo.
O horário de atendimento é previamente agendado (3 horas de antecedência), o os pratos são preparados de acordo com seu pedido.
Pedi o Chico Rei e para acompanhar uma saborosa caipirinha.
O atendimento é S.E.N.S.A.C.I.O.N.A.L, único, extremamente diferenciado e exclusivo.
O preço é muito abaixo do que é cobrado (e sinceramente eles podem dobrar o valor que valeria cada centavo!).
Experiência gastronômica única!
R.E.C.O.M.E.N.D.O
R.E.C.O.M.E.N.D.O
R.E.C.O.M.E.N.D.O","Colatina, ES"
Santa Matula - Casa Bistrô,14140408,restaurante-review,Milianefagundes,2018-11-06,2018-11-06,5.0,"Quanto menor a casinha, mais sincero o bom dia... 
As donas são muito simpáticas, a comida deliciosa  o casarão lindo","Fomos em um grupo de 6 pessoas e todas saíram de lá encantadas e muito satisfeitas ! O casarão é lindo e a comida deliciosa ! Já deixamos alguns amigos com vontade de conhecer (rsrsrs) e, em breve, voltaremos com uma turma maior.",indef
Santa Matula - Casa Bistrô,14140408,restaurante-review,Marcella B,2018-11-06,2018-11-06,5.0,"Excelente!","Casa linda e bem a cara de Ouro Preto. A Adriana foi super receptiva e a comida estava maravilhosa. Vale muito a pena a experiência!!!",indef
Santa Matula - Casa Bistrô,14140408,restaurante-review,F6138CXmariam,2018-10-02,2018-09-06,5.0,"Numa casa antiga do início do século 19, a chef Adriana nos recebe muito bem com uma comida impecável","Foi uma experiência incrível, entrar num casarão antigo e saborear uma autêntica carne na lata, típica das roças mineiras. Um tutu mineiro e o arroz, hummmm. Tudo muito delicioso. E a sobremesa? nossa, uma com banana caturra flambada com sorvete foi tudo muito surpreendente. O clima tranquilo da casa e o ambiente acolhedor com aquela decoração primorosa do século 19, me pegou de jeito. Pretendo voltar lá em breve. Obrigada , Adriana.","Ouro Preto, MG"
Santa Matula - Casa Bistrô,14140408,restaurante-review,Márcia Z,2018-09-08,2018-09-06,5.0,"Almoço e jantar no Santa Matula","Comi o filé au poivre e o parpadelle com camarão e não sei qual estava melhor! Comida feita com carinho e dedicação! Simpatia da família toda! Atendimento incrível da Adriana! Voltarei com certeza!",indef
Santa Matula - Casa Bistrô,14140408,restaurante-review,VanessaR2485,2018-08-11,2018-08-06,5.0,"Comida que aquece a alma","Comida mineira da melhor qualidade, ambiente acolhedor, excelente atendimento. O casarão antigo no centro de Ouro Preto tem uma vista maravilhosa, o tempero é de quem realmente conhece a culinária mineira. Um vinho e uma boa companhia, não dá vontade de sair dali tão cedo...",indef
Santa Matula - Casa Bistrô,14140408,restaurante-review,Karina M,2018-06-14,2018-03-06,5.0,"Experiência gastronômica excelente","Comida mineira maravilhosa servida em um casarão lindo e bem localizado, no centro de Ouro Preto. O atendimento é muito bom, bem ao modo gentil e acolhedor dos mineiros.",indef
Santa Matula - Casa Bistrô,14140408,restaurante-review,Tiago N,2018-06-13,2018-05-06,5.0,"Deliciosa comida e ambiente.","Comida deliciosa, parece casa de vó. Servida por pessoas agradabilíssimas em um charmoso casarão com uma linda vista.",indef
Santa Matula - Casa Bistrô,14140408,restaurante-review,Renata Clementi... T,2018-06-13,2018-06-06,5.0,"Dia dos namorados !!!","Casa aconchegante com uma proposta diferenciada de atendimento personalizado. Fomos recebidos com muito carinho e tivemos uma experiência maravilhosa. Comida deliciosa e farta com um preço justo. Voltaremos !!!!!",indef
Santa Matula - Casa Bistrô,14140408,restaurante-review,Ana Elisa F,2018-06-13,2018-06-06,5.0,"Maravilhoso","Amei tudo, comida maravilhosa! Recepção perfeita, casa linda, vista belíssima. Plantas lindas e cheirosas! Tudo perfeito!",indef
Santa Matula - Casa Bistrô,14140408,restaurante-review,Lívia M,2018-06-13,2018-05-06,5.0,"Amei! Ótimo para uma experiência gastronômica diferente!","Nunca tinha visto a proposta de jantares secretos e me surpreendi...
Recomendo muito o tutu de feijão com carne de lata (esse prato chama Chico Rei)... não vejo a hora de comer de novo, dá até água na boca...
Os preços são justos, o que também me faz querer voltar!
As chefs Adriana e Ana Maria são pessoas super receptivas e que cozinham bem demais! Obrigada pelo jantar!!! Sucesso!",indef
Santa Matula - Casa Bistrô,14140408,restaurante-review,monnjo,2021-02-01,2021-02-06,5.0,"Perfection","The starter, main course, the fresh juice, all perfect! We started with the basket of bread and as a main course we ate a plate called Chica da Silva, it was wonderful! We are planning to go back before leave the city! Perfect!","Niterói, RJ"
Santa Matula - Casa Bistrô,14140408,restaurante-review,kikiand,2020-01-10,2020-01-06,5.0,"Excellent café da manha","We had breakfast here twice and loved it. Homemade yogurt, fresh baked pâo de queijo, lots of fresh fruit, homemade corn cake, fresh lime and carrot juice, and strong black coffee all served in a historic dining room overlooking a beautiful garden. Adriana, the chef and server, is attentive and offers information about the dishes, many of which are local specialties. Highly recommend a meal here.",indef
Santa Matula - Casa Bistrô,14140408,restaurante-review,Chris R,2019-01-20,2019-01-06,5.0,"An Experience To Relish .","Most restaurants you get fed but once in a while you have a magical experience . This was the case in Santa Matula - Casa Bistro .We had lunch here , just the two of us . This was their home and you are treated as if you were going to a friends house for a special celebration . We were served a Caipirinha each , ( the best one we had in Brazil over a three week tour ) , in their Living room with hors d'oeuvres .Then into their Dining room for the main event . Brazilian Food , home cooked traditionally . with a dessert to follow, Delicious .The two Ladies were exceptional hosts and we managed to converse with our basic Portuguese .
Chris & Jenny , Dublin , Ireland.",indef
