nome,endereco,cidade,tipo,qtd_quartos,qtd_avaliacoes,nota,categoria,nota_pedestres,restaurantes_perto,atracoes_perto,latitude,longitude,fonte
Pousada Clássica,Rua Conde de Bobadela | 96 Centro | Ouro Preto | Minas Gerais 35400-000 Brasil,Ouro Preto ,Pousada,38,806,4.5,4.0,100,134,63,-20.385196685791016,-43.50470733642578,https://www.tripadvisor.com.br/Hotel_Review-g303389-d539356-Reviews-Pousada_Classica-Ouro_Preto_State_of_Minas_Gerais.html
Pousada Solar da Opera,Rua Conde de Bobadela | 79 Centro | Ouro Preto | Minas Gerais 35400-000 Brasil,Ouro Preto ,Pousada,16,284,4.5,4.0,100,133,62,-20.385473251342773,-43.50450134277344,https://www.tripadvisor.com.br/Hotel_Review-g303389-d1886780-Reviews-Pousada_Solar_da_Opera-Ouro_Preto_State_of_Minas_Gerais.html
Grande Hotel de Ouro Preto,Rua Sen. Rocha Lagoa | 164 Próximo dos principais monumentos turísticos da cidade. | Ouro Preto | Minas Gerais 35400-000 Brasil,Ouro Preto ,Hotel,35,611,4.0,3.0,100,137,62,-20.384384155273438,-43.50545883178711,https://www.tripadvisor.com.br/Hotel_Review-g303389-d2304973-Reviews-Grande_Hotel_de_Ouro_Preto-Ouro_Preto_State_of_Minas_Gerais.html
Hotel Pousada do Arcanjo,Rua São Miguel Arcanjo | 270 900m da Praça Tiradentes com transfer gratuito | Ouro Preto | Minas Gerais 35400-000 Brasil,Ouro Preto ,Hotel,24,691,4.5,4.0,87,30,14,-20.379911422729492,-43.5115852355957,https://www.tripadvisor.com.br/Hotel_Review-g303389-d598402-Reviews-Hotel_Pousada_do_Arcanjo-Ouro_Preto_State_of_Minas_Gerais.html
Casa dos Meninos Cama & Café,Rua do Aleijadinho 89 Antonio Dias | Ouro Preto | Minas Gerais 35400-000 Brasil,Ouro Preto ,indef,4,452,5.0,indef,100,104,53,-20.386199951171875,-43.50138854980469,https://www.tripadvisor.com.br/Hotel_Review-g303389-d4223455-Reviews-Casa_dos_Meninos_Cama_Cafe-Ouro_Preto_State_of_Minas_Gerais.html
Pousada Chão de Minas,Rua Nossa Sra. Auxiliadora 29 | Cachoeira do Campo | Ouro Preto | Minas Gerais 35410-000 Brasil,Cachoeira do Campo ,Pousada,14,283,5.0,indef,42,20,2,-20.347299575805664,-43.67538070678711,https://www.tripadvisor.com.br/Hotel_Review-g3844566-d6875455-Reviews-Pousada_Chao_de_Minas-Cachoeira_do_Campo_Ouro_Preto_State_of_Minas_Gerais.html
Pousada Arcádia Mineira,Rua Xavier Da Veiga 125 Centro | Ouro Preto | Minas Gerais 35400-000 Brasil,Ouro Preto ,Pousada,14,283,4.0,indef,100,109,55,-20.388578414916992,-43.50312042236328,https://www.tripadvisor.com.br/Hotel_Review-g303389-d2644365-Reviews-Pousada_Arcadia_Mineira-Ouro_Preto_State_of_Minas_Gerais.html
Hotel Solar do Rosário,Rua Getúlio Vargas 270 Bairro Rosário | Ouro Preto | Minas Gerais 35400-000 Brasil,Ouro Preto ,Hotel,41,939,4.5,3.5,100,88,28,-20.38372039794922,-43.509437561035156,https://www.tripadvisor.com.br/Hotel_Review-g303389-d507009-Reviews-Hotel_Solar_Do_Rosario-Ouro_Preto_State_of_Minas_Gerais.html
Pousada dos Ofícios,Rua Padre Rolim 765 | Ouro Preto | Minas Gerais 35400-000 Brasil,Ouro Preto ,Pousada,4,365,4.5,indef,86,14,8,-20.37977409362793,-43.508888244628906,https://www.tripadvisor.com.br/Hotel_Review-g303389-d1632060-Reviews-Pousada_Dos_Oficios-Ouro_Preto_State_of_Minas_Gerais.html
Pousada Buieié,Rua Nossa Senhora Dos Prazeres | 1138 | Lavras Novas | Ouro Preto | Minas Gerais Brasil,Lavras Novas ,Pousada,18,154,4.0,indef,54,21,3,-20.47235679626465,-43.523624420166016,https://www.tripadvisor.com.br/Hotel_Review-g2613515-d5498675-Reviews-Pousada_Buieie-Lavras_Novas_Ouro_Preto_State_of_Minas_Gerais.html
Pousada Recanto Da Serra,Rua Manganês 287 | Ouro Preto | Minas Gerais 35400-000 Brasil,Ouro Preto ,Pousada,indef,47,3.5,indef,70,33,8,-20.376096725463867,-43.5186882019043,https://www.tripadvisor.com.br/Hotel_Review-g303389-d17700835-Reviews-Pousada_Recanto_Da_Serra-Ouro_Preto_State_of_Minas_Gerais.html
Ville Real Hotel,Rua Antonio dos Santos 5 Centro Historico - Santo Antonio do Leite | Ouro Preto | Minas Gerais 35400-000 Brasil,Ouro Preto ,Hotel,24,184,4.0,3.5,indef,indef,indef,-20.356483459472656,-43.72066879272461,https://www.tripadvisor.com.br/Hotel_Review-g303389-d2013844-Reviews-Ville_Real_Hotel-Ouro_Preto_State_of_Minas_Gerais.html
É Hostel,Rua Camilo de Brito 50 | Ouro Preto | Minas Gerais 35400-000 Brasil,Ouro Preto ,Hostel,7,48,5.0,indef,100,117,55,-20.383779525756836,-43.5029411315918,https://www.tripadvisor.com.br/Hotel_Review-g303389-d12432373-Reviews-E_Hostel-Ouro_Preto_State_of_Minas_Gerais.html
Hotel Colonial,Travessa Conego Camilo Veloso 26 | Ouro Preto | Minas Gerais 35400-000 Brasil,Ouro Preto ,Hotel,18,241,4.0,indef,100,131,64,-20.38494300842285,-43.50424575805664,https://www.tripadvisor.com.br/Hotel_Review-g303389-d3445886-Reviews-Hotel_Colonial-Ouro_Preto_State_of_Minas_Gerais.html
Pousada Ouro Preto,Largo Musicista Jose dos Anjos Costa 72 | Ouro Preto | Minas Gerais 35400-000 Brasil,Ouro Preto ,Pousada,7,139,4.0,3.0,100,89,51,-20.38789939880371,-43.501556396484375,https://www.tripadvisor.com.br/Hotel_Review-g303389-d3356021-Reviews-Pousada_Ouro_Preto-Ouro_Preto_State_of_Minas_Gerais.html
Pousada Minas Gerais,Rua Xavier Da Veiga | 303 Centro Histórico | Ouro Preto | Minas Gerais 35400-000 Brasil,Ouro Preto ,Pousada,18,255,4.5,3.0,100,120,61,-20.388158798217773,-43.503780364990234,https://www.tripadvisor.com.br/Hotel_Review-g303389-d2013907-Reviews-Pousada_Minas_Gerais-Ouro_Preto_State_of_Minas_Gerais.html
Mirante Hotel,Rua Pandiá Calogeras | 377 Barra | Ouro Preto | Minas Gerais 35400-000 Brasil,Ouro Preto ,Hotel,33,464,4.0,3.0,79,79,51,-20.39357566833496,-43.49977493286133,https://www.tripadvisor.com.br/Hotel_Review-g303389-d1673113-Reviews-Mirante_Hotel-Ouro_Preto_State_of_Minas_Gerais.html
Hotel Pousada Casa Grande,Rua Conselheiro Quintiliano | 96 | Ouro Preto | Minas Gerais 35400-000 Brasil,Ouro Preto ,Hotel,21,232,4.0,indef,100,95,47,-20.383081436157227,-43.50244140625,https://www.tripadvisor.com.br/Hotel_Review-g303389-d2274004-Reviews-Hotel_Pousada_Casa_Grande-Ouro_Preto_State_of_Minas_Gerais.html
Pousada Provincia,Rua Nossa Senhora dos Prazeres 1144 | Lavras Novas | Ouro Preto | Minas Gerais 35400-000 Brasil,Lavras Novas ,Pousada,17,173,4.5,indef,55,22,3,-20.472482681274414,-43.52308654785156,https://www.tripadvisor.com.br/Hotel_Review-g2613515-d5488928-Reviews-Pousada_Provincia-Lavras_Novas_Ouro_Preto_State_of_Minas_Gerais.html
Hotel Luxor Ouro Preto,Rua Dr. Alfredo Baeta 16 | Ouro Preto | Minas Gerais 35400-000 Brasil,Ouro Preto ,Hotel,19,241,4.0,3.0,100,85,50,-20.38690757751465,-43.50067138671875,https://www.tripadvisor.com.br/Hotel_Review-g303389-d455980-Reviews-Hotel_Luxor_Ouro_Preto-Ouro_Preto_State_of_Minas_Gerais.html
Chalé Céu e Terra,Beco do Artesão | 182 | Lavras Novas | Ouro Preto | Minas Gerais 35418-000 Brasil,Lavras Novas ,Chale,4,31,5.0,indef,64,26,3,-20.47880744934082,-43.513450622558594,https://www.tripadvisor.com.br/Hotel_Review-g2613515-d10532075-Reviews-Chale_Ceu_e_Terra-Lavras_Novas_Ouro_Preto_State_of_Minas_Gerais.html
Uai Hostel,Rua Bernado Vasconcellos | 133 Bairro Antonio Dias | Ouro Preto | Minas Gerais 35400-000 Brasil,Ouro Preto ,Hostel,5,117,4.5,indef,100,137,61,-20.384349822998047,-43.507022857666016,https://www.tripadvisor.com.br/Hotel_Review-g303389-d6960461-Reviews-Uai_Hostel-Ouro_Preto_State_of_Minas_Gerais.html
Pousada Aconchego da Valdirene,Rua Alto do Campo 502 | Lavras Novas | Ouro Preto | Minas Gerais 35418-000 Brasil,Lavras Novas ,Pousada,indef,22,4.0,indef,59,30,3,-20.470779418945312,-43.51677322387695,https://www.tripadvisor.com.br/Hotel_Review-g2613515-d10123173-Reviews-Pousada_Aconchego_da_Valdirene-Lavras_Novas_Ouro_Preto_State_of_Minas_Gerais.html
Pousada Pouso e Prosa,Rua Nossa Senhora dos Prazeres | 186 E | Lavras Novas | Ouro Preto | Minas Gerais 35418-000 Brasil,Lavras Novas ,Pousada,4,15,4.0,indef,64,26,3,-20.478961944580078,-43.51363754272461,https://www.tripadvisor.com.br/Hotel_Review-g2613515-d10701968-Reviews-Pousada_Pouso_e_Prosa-Lavras_Novas_Ouro_Preto_State_of_Minas_Gerais.html
Pousada São Francisco de Paula,Rua Padre Jose Marcos Pena 201 | Ouro Preto | Minas Gerais 35400-000 Brasil,Ouro Preto ,Pousada,13,101,4.0,indef,100,124,56,-20.382823944091797,-43.50667953491211,https://www.tripadvisor.com.br/Hotel_Review-g303389-d2510559-Reviews-Pousada_Sao_Francisco_de_Paula-Ouro_Preto_State_of_Minas_Gerais.html
Le Ville,Trevo Jacuba Acesso a Sao Bartolomeu | Ouro Preto | Minas Gerais 35400-000 Brasil,Ouro Preto ,indef,28,31,4.0,3.0,indef,indef,indef,-20.374042510986328,-43.54186248779297,https://www.tripadvisor.com.br/Hotel_Review-g303389-d12394478-Reviews-Le_Ville-Ouro_Preto_State_of_Minas_Gerais.html
Pousada Geraes,Rua Professor Salatiel Torres No 45 Bairro - Cabeças | Ouro Preto | Minas Gerais 35400-000 Brasil,Ouro Preto ,Pousada,7,70,4.5,2.0,77,21,5,-20.381473541259766,-43.518287658691406,https://www.tripadvisor.com.br/Hotel_Review-g303389-d3405850-Reviews-Pousada_Geraes-Ouro_Preto_State_of_Minas_Gerais.html
Pousada do Rei Arthur,Rua Nossa Senhora dos Prazeres | 150 - Centro | Lavras Novas | Ouro Preto | Minas Gerais 35400-976 Brasil,Lavras Novas ,Pousada,indef,94,4.0,indef,62,25,3,-20.479145050048828,-43.513023376464844,https://www.tripadvisor.com.br/Hotel_Review-g2613515-d7746918-Reviews-Pousada_do_Rei_Arthur-Lavras_Novas_Ouro_Preto_State_of_Minas_Gerais.html
Pousada Bem Querer,Rua Do Campo | 141 Centro | Lavras Novas | Ouro Preto | Minas Gerais 35400-000 Brasil,Lavras Novas ,Pousada,indef,59,4.0,indef,86,16,7,-20.392498016357422,-43.503421783447266,https://www.tripadvisor.com.br/Hotel_Review-g2613515-d4511698-Reviews-Pousada_Bem_Querer-Lavras_Novas_Ouro_Preto_State_of_Minas_Gerais.html
Pousada Vila Real Flats,Vitorio Zanetti 350/105 | Ouro Preto | Minas Gerais 35400-000 Brasil,Ouro Preto ,Pousada,indef,9,3.5,indef,74,54,2,-20.401350021362305,-43.50386047363281,https://www.tripadvisor.com.br/Hotel_Review-g303389-d12084155-Reviews-Pousada_Vila_Real_Flats-Ouro_Preto_State_of_Minas_Gerais.html
Pousada Chico Anjo,Passa Rua Dez S / N | Ouro Preto | Minas Gerais Brasil,Ouro Preto ,Pousada,6,127,4.5,indef,62,29,7,-20.377716064453125,-43.52146911621094,https://www.tripadvisor.com.br/Hotel_Review-g303389-d5005008-Reviews-Pousada_Chico_Anjo-Ouro_Preto_State_of_Minas_Gerais.html
Hospedaria Antiga,R. Xavier da Veiga | 01 Centro | Ouro Preto | Minas Gerais 35400-000 Brasil,Ouro Preto ,indef,18,164,4.0,2.5,100,142,63,-20.386266708374023,-43.50617218017578,https://www.tripadvisor.com.br/Hotel_Review-g303389-d2266368-Reviews-Pousada_Hospedaria_Antiga-Ouro_Preto_State_of_Minas_Gerais.html
Varanda Hostel e Galeria de Arte,Rua São José | 183 | Ouro Preto | Minas Gerais 35400-000 Brasil,Ouro Preto ,Hostel,16,41,4.5,indef,100,136,62,-20.385122299194336,-43.50732421875,https://www.tripadvisor.com.br/Hotel_Review-g303389-d10046964-Reviews-Varanda_Hostel_e_Galeria_de_Arte-Ouro_Preto_State_of_Minas_Gerais.html
Chalés Recanto do Sabiá,Rua Nossa Senhora dos Prazeres | 361 | Lavras Novas | Ouro Preto | Minas Gerais 35400-000 Brasil,Lavras Novas ,Chale,3,54,5.0,indef,70,30,3,-20.477066040039062,-43.51618194580078,https://www.tripadvisor.com.br/Hotel_Review-g2613515-d3854428-Reviews-Chales_Recanto_do_Sabia-Lavras_Novas_Ouro_Preto_State_of_Minas_Gerais.html
Pousada Ecologica Vale Das Cores,Rua Da Lua | 127 Alto do Campo | Lavras Novas | Ouro Preto | Minas Gerais 35418-000 Brasil,Lavras Novas ,Pousada,indef,81,4.5,indef,48,22,2,-20.468610763549805,-43.516944885253906,https://www.tripadvisor.com.br/Hotel_Review-g2613515-d5566995-Reviews-Pousada_Ecologica_Vale_Das_Cores-Lavras_Novas_Ouro_Preto_State_of_Minas_Gerais.html
Hotel Solar de Maria,R Tomé Afonso | 111 - Bairro Agua Limpa Bairro Agua Limpa | Ouro Preto | Minas Gerais 35400-000 Brasil,Ouro Preto ,Hotel,22,244,4.5,3.5,94,60,23,-20.382543563842773,-43.51105880737305,https://www.tripadvisor.com.br/Hotel_Review-g303389-d2486540-Reviews-Hotel_Solar_de_Maria-Ouro_Preto_State_of_Minas_Gerais.html
Pouso do Chico Rei,Rua Brigadeiro Musqueira | 90 | Ouro Preto | Minas Gerais 35400-000 Brasil,Ouro Preto ,indef,9,204,4.0,indef,100,135,64,-20.385719299316406,-43.504695892333984,https://www.tripadvisor.com.br/Hotel_Review-g303389-d626493-Reviews-Pouso_do_Chico_Rei-Ouro_Preto_State_of_Minas_Gerais.html
Hotel Solar das Lajes,Rua Conselheiro Quintiliano Ramos | 604 | Ouro Preto | Minas Gerais 35400-000 Brasil,Ouro Preto ,Hotel,19,167,3.5,3.5,88,23,15,-20.384458541870117,-43.498046875,https://www.tripadvisor.com.br/Hotel_Review-g303389-d2268143-Reviews-Hotel_Solar_Das_Lajes-Ouro_Preto_State_of_Minas_Gerais.html
Hotel Fazenda Retiro Das Rosas,Rod. Dos Inconfidentes | Km 75 Cachoeira Do Campo | Ouro Preto | Minas Gerais 35410-000 Brasil,Ouro Preto ,Hotel,87,73,4.5,indef,76,54,1,-20.40254020690918,-43.504920959472656,https://www.tripadvisor.com.br/Hotel_Review-g303389-d3555865-Reviews-Hotel_Fazenda_Retiro_Das_Rosas-Ouro_Preto_State_of_Minas_Gerais.html
Pousada Imperial Cidade,Rua Padre Rolim 800 | Ouro Preto | Minas Gerais 35400-000 Brasil,Ouro Preto ,Pousada,10,32,4.0,indef,100,112,54,-20.382749557495117,-43.504539489746094,https://www.tripadvisor.com.br/Hotel_Review-g303389-d13434688-Reviews-Pousada_Imperial_Cidade-Ouro_Preto_State_of_Minas_Gerais.html
Pousada Do Mondego,Largo Do Coimbra | 38 Centro Histórico | Ouro Preto | Minas Gerais 35400-000 Brasil,Ouro Preto ,Pousada,24,267,4.0,4.0,100,128,57,-20.38591766357422,-43.50293731689453,https://www.tripadvisor.com.br/Hotel_Review-g303389-d455706-Reviews-Pousada_Do_Mondego-Ouro_Preto_State_of_Minas_Gerais.html
VOA Pousada Mezanino,Rua Senador Rocha Lagoa |131 | Ouro Preto | Minas Gerais 35400-000 Brasil,Ouro Preto ,Pousada,10,157,4.0,2.5,100,135,62,-20.384849548339844,-43.504974365234375,https://www.tripadvisor.com.br/Hotel_Review-g303389-d2624410-Reviews-VOA_Pousada_Mezanino-Ouro_Preto_State_of_Minas_Gerais.html
Pousada Solar Senhoras das Mercês,Rua Felipe dos Santos | 134 Centro | Ouro Preto | Minas Gerais 35400-000 Brasil,Ouro Preto ,Pousada,8,58,4.0,indef,100,91,51,-20.387529373168945,-43.50143051147461,https://www.tripadvisor.com.br/Hotel_Review-g303389-d3628350-Reviews-Pousada_Solar_Senhoras_das_Merces-Ouro_Preto_State_of_Minas_Gerais.html
Pousada do Largo,Rua Gabriel dos Santos 32 | Ouro Preto | Minas Gerais 35400-000 Brasil,Ouro Preto ,Pousada,2,32,4.0,indef,100,79,28,-20.38361167907715,-43.5097770690918,https://www.tripadvisor.com.br/Hotel_Review-g303389-d6575662-Reviews-Pousada_do_Largo-Ouro_Preto_State_of_Minas_Gerais.html
Buena Vista Hostel,Rua Conselheiro Quintiliano | 903 | Ouro Preto | Minas Gerais 35400-000 Brasil,Ouro Preto ,Hostel,8,95,4.0,indef,81,15,12,-20.385662078857422,-43.495521545410156,https://www.tripadvisor.com.br/Hotel_Review-g303389-d4700091-Reviews-Buena_Vista_Hostel-Ouro_Preto_State_of_Minas_Gerais.html
Boroni Palace Hotel,Rua Padre Rolim | 580 | Ouro Preto | Minas Gerais 35400-000 Brasil,Ouro Preto ,Hotel,42,132,3.5,3.0,86,22,16,-20.38036346435547,-43.507022857666016,https://www.tripadvisor.com.br/Hotel_Review-g303389-d1155987-Reviews-Boroni_Palace_Hotel-Ouro_Preto_State_of_Minas_Gerais.html
Pousada Dona Denis,Rua Sao Miguel Arcanjo | 175 | Ouro Preto | Minas Gerais Brasil,Ouro Preto ,Pousada,5,30,4.0,indef,91,34,16,-20.380699157714844,-43.51156997680664,https://www.tripadvisor.com.br/Hotel_Review-g303389-d2626426-Reviews-Pousada_Dona_Denis-Ouro_Preto_State_of_Minas_Gerais.html
Hotel Barroco,Rua Claudio Manoel 23 Centro | Ouro Preto | Minas Gerais 35400-000 Brasil,Ouro Preto ,Hotel,9,76,3.5,indef,100,130,63,-20.38555145263672,-43.503334045410156,https://www.tripadvisor.com.br/Hotel_Review-g303389-d2070832-Reviews-Hotel_Barroco-Ouro_Preto_State_of_Minas_Gerais.html
Pousada do Douro,Rua Amalia Bernhaus 42 | Ouro Preto | Minas Gerais 35400-000 Brasil,Ouro Preto ,Pousada,13,71,4.0,indef,100,128,59,-20.386110305786133,-43.503055572509766,https://www.tripadvisor.com.br/Hotel_Review-g303389-d2423620-Reviews-Pousada_do_Douro-Ouro_Preto_State_of_Minas_Gerais.html
Pousada Horto dos Contos,Rua Padre Rolim 244 | Ouro Preto | Minas Gerais 35400-000 Brasil,Ouro Preto ,Pousada,8,76,3.0,indef,71,35,9,-20.379547119140625,-43.52028274536133,https://www.tripadvisor.com.br/Hotel_Review-g303389-d2626344-Reviews-Pousada_Horto_dos_Contos-Ouro_Preto_State_of_Minas_Gerais.html
Hospedaria Vila Rica,227 Rua São Miguel Arcânjo Água Limpa / São Cristóvão | Ouro Preto | Minas Gerais 35400-000 Brasil,Ouro Preto ,indef,indef,1,1.0,indef,90,37,15,-20.3806209564209,-43.51181411743164,https://www.tripadvisor.com.br/Hotel_Review-g303389-d19478769-Reviews-Hospedaria_Vila_Rica-Ouro_Preto_State_of_Minas_Gerais.html
Pe da Serra Suites,Rua Nossa Senhora dos Prazeres 1601 | Lavras Novas | Ouro Preto | Minas Gerais 35400-000 Brasil,Lavras Novas ,indef,indef,1,5.0,indef,78,58,29,-20.390254974365234,-43.495052337646484,https://www.tripadvisor.com.br/Hotel_Review-g2613515-d19778566-Reviews-Pe_da_Serra_Suites-Lavras_Novas_Ouro_Preto_State_of_Minas_Gerais.html
Pousada Solar Dos Anjos,Rua Nossa Senhora dos Prazeres 406 | Lavras Novas | Ouro Preto | Minas Gerais 35400-000 Brasil,Lavras Novas ,Pousada,indef,0,indef,4.0,42,10,1,-20.407840728759766,-43.49312973022461,https://www.tripadvisor.com.br/Hotel_Review-g2613515-d17595512-Reviews-Pousada_Solar_Dos_Anjos-Lavras_Novas_Ouro_Preto_State_of_Minas_Gerais.html
Pousada Guignard,Rua Conde de Bobadela 122 | Ouro Preto | Minas Gerais 35400-000 Brasil,Ouro Preto ,Pousada,5,15,4.5,indef,100,134,62,-20.385181427001953,-43.50486373901367,https://www.tripadvisor.com.br/Hotel_Review-g303389-d10150648-Reviews-Pousada_Guignard-Ouro_Preto_State_of_Minas_Gerais.html
Hotel Priskar,Rua Antonio Martins | 98 | Ouro Preto | Minas Gerais Brasil,Ouro Preto ,Hotel,22,52,3.5,2.0,97,71,48,-20.388729095458984,-43.501399993896484,https://www.tripadvisor.com.br/Hotel_Review-g303389-d4302670-Reviews-Hotel_Priskar-Ouro_Preto_State_of_Minas_Gerais.html
Pousada dos Bandeirantes,Rua das Merces | 167 | Antônio Pereira | Ouro Preto | Minas Gerais 35400-000 Brasil,Ouro Preto ,Pousada,16,81,3.5,2.5,100,105,55,-20.388065338134766,-43.50232696533203,https://www.tripadvisor.com.br/Hotel_Review-g303389-d4598185-Reviews-Pousada_dos_Bandeirantes-Ouro_Preto_State_of_Minas_Gerais.html
Pousada Ciclo do Oura,Rua Felipe dos Santos 241 | Ouro Preto | Minas Gerais 35400-000 Brasil,Ouro Preto ,Pousada,13,44,3.5,indef,97,69,48,-20.38858985900879,-43.50115203857422,https://www.tripadvisor.com.br/Hotel_Review-g303389-d5310995-Reviews-Pousada_Ciclo_do_Oura-Ouro_Preto_State_of_Minas_Gerais.html
Chale Vista Encantada,Rua Nossa Senhora dos Prazeres 990 | Lavras Novas | Ouro Preto | Minas Gerais 35400-000 Brasil,Lavras Novas ,Chale,indef,2,5.0,indef,42,23,3,-20.47585678100586,-43.52297592163086,https://www.tripadvisor.com.br/Hotel_Review-g2613515-d13130544-Reviews-Chale_Vista_Encantada-Lavras_Novas_Ouro_Preto_State_of_Minas_Gerais.html
Pousada Solar do Carmo,Rua Camilo de Brito | 21 Centro | Ouro Preto | Minas Gerais 35400-000 Brasil,Ouro Preto ,Pousada,10,15,3.5,indef,100,116,52,-20.383546829223633,-43.503055572509766,https://www.tripadvisor.com.br/Hotel_Review-g303389-d10387648-Reviews-Pousada_Solar_do_Carmo-Ouro_Preto_State_of_Minas_Gerais.html
Iracema Pouso Agroecologico,Estrada Chapada 09 | Ouro Preto | Minas Gerais 35400-000 Brasil,Ouro Preto ,indef,indef,3,4.0,3.0,indef,indef,indef,-20.472890853881836,-43.55069351196289,https://www.tripadvisor.com.br/Hotel_Review-g303389-d13378391-Reviews-Iracema_Pouso_Agroecologico-Ouro_Preto_State_of_Minas_Gerais.html
Chale Vista Encantada,Rua Nossa Senhora dos Prazeres 990 | Lavras Novas | Ouro Preto | Minas Gerais 35400-000 Brasil,Lavras Novas ,Chale,indef,2,5.0,3.0,42,23,3,-20.47585678100586,-43.52297592163086,https://www.tripadvisor.com.br/Hotel_Review-g2613515-d13130544-Reviews-Chale_Vista_Encantada-Lavras_Novas_Ouro_Preto_State_of_Minas_Gerais.html
Chalé Serra dos Encantos,Rua Nossa Senhora dos Prazeres 1310 | Lavras Novas | Ouro Preto | Minas Gerais 35418-000 Brasil,Lavras Novas ,Chale,indef,1,5.0,3.0,61,24,3,-20.472314834594727,-43.52020263671875,https://www.tripadvisor.com.br/Hotel_Review-g2613515-d20283384-Reviews-Chale_Serra_dos_Encantos-Lavras_Novas_Ouro_Preto_State_of_Minas_Gerais.html
Pousada Sossego,Rua Nossa Senhora Dos Prazeres | 1330 | Ouro Preto | Minas Gerais 35400-000 Brasil,Ouro Preto ,Pousada,5,3,3.5,3.0,41,11,1,-20.406959533691406,-43.49382400512695,https://www.tripadvisor.com.br/Hotel_Review-g303389-d10154183-Reviews-Pousada_Sossego-Ouro_Preto_State_of_Minas_Gerais.html
Solar Nossa Senhora Das Mercês,Rua Musicista José Dos Anjos | 26 Centro | Ouro Preto | Minas Gerais Brasil,Ouro Preto ,indef,indef,32,3.5,indef,100,94,52,-20.38836669921875,-43.50206756591797,https://www.tripadvisor.com.br/Hotel_Review-g303389-d5503624-Reviews-Solar_Nossa_Senhora_Das_Merces-Ouro_Preto_State_of_Minas_Gerais.html
Pousada Tiradentes,Praca Tiradentes 70 | Ouro Preto | Minas Gerais 35400-000 Brasil,Ouro Preto ,Pousada,6,54,2.5,indef,100,130,62,-20.385295867919922,-43.50371551513672,https://www.tripadvisor.com.br/Hotel_Review-g303389-d3595842-Reviews-Pousada_Tiradentes-Ouro_Preto_State_of_Minas_Gerais.html
Iracema Pouso Agroecologico,Estrada Chapada 09 | Ouro Preto | Minas Gerais 35400-000 Brasil,Ouro Preto ,indef,indef,3,4.0,3.0,indef,indef,indef,-20.472890853881836,-43.55069351196289,https://www.tripadvisor.com.br/Hotel_Review-g303389-d13378391-Reviews-Iracema_Pouso_Agroecologico-Ouro_Preto_State_of_Minas_Gerais.html
Pousada Casa do Pilar,75 Rua do Pilar | Ouro Preto | Minas Gerais 35400-000 Brasil,Ouro Preto ,Pousada,indef,1,5.0,4.0,100,145,63,-20.38681983947754,-43.506561279296875,https://www.tripadvisor.com.br/Hotel_Review-g303389-d19273117-Reviews-Pousada_Casa_do_Pilar-Ouro_Preto_State_of_Minas_Gerais.html
Eco Ouro Hostel,Rua Barbara Heliodora Numero 72 Antonio Dias | Ouro Preto | Minas Gerais 35400-000 Brasil,Ouro Preto ,Hostel,indef,0,indef,3.0,95,56,43,-20.387765884399414,-43.4998779296875,https://www.tripadvisor.com.br/Hotel_Review-g303389-d15074212-Reviews-Eco_Ouro_Hostel-Ouro_Preto_State_of_Minas_Gerais.html
Hospedaria Villa Rica,Rua São Miguel Arcânjo | Lavras Novas | Ouro Preto | Minas Gerais 35400-000 Brasil,Lavras Novas ,indef,indef,0,indef,3.0,90,37,14,-20.3804931640625,-43.511783599853516,https://www.tripadvisor.com.br/Hotel_Review-g2613515-d21410797-Reviews-Hospedaria_Villa_Rica-Lavras_Novas_Ouro_Preto_State_of_Minas_Gerais.html
Diamond Hostel,Rua Salvador Tropia 242 | Ouro Preto | Minas Gerais 35400-000 Brasil,Ouro Preto ,Hostel,indef,0,indef,indef,100,87,42,-20.38236427307129,-43.50260925292969,https://www.tripadvisor.com.br/Hotel_Review-g303389-d21089162-Reviews-Diamond_Hostel-Ouro_Preto_State_of_Minas_Gerais.html
Hotel Vila Relicário,Rua Rio Piracicaba | Ouro Preto | Minas Gerais 35400-000 Brasil,Ouro Preto ,Hotel,24,86,4.0,indef,indef,indef,indef,-20.364334106445312,-43.47990036010742,https://www.tripadvisor.com.br/Hotel_Review-g303389-d7313927-Reviews-Hotel_Vila_Relicario-Ouro_Preto_State_of_Minas_Gerais.html
Solar da Inconfidência,Rua Conselheiro Quintiliano | 395 | Ouro Preto | Minas Gerais 35400-000 Brasil,Ouro Preto ,indef,indef,5,4.5,3.0,92,59,37,-20.38351058959961,-43.49993896484375,https://www.tripadvisor.com.br/Hotel_Review-g303389-d19266843-Reviews-Solar_da_Inconfidencia-Ouro_Preto_State_of_Minas_Gerais.html
Pousada Inconfidência Mineira,Rua Manganes 329 | Ouro Preto | Minas Gerais 35400-000 Brasil,Ouro Preto ,Pousada,10,117,4.0,3.0,73,37,9,-20.3763484954834,-43.51765441894531,https://www.tripadvisor.com.br/Hotel_Review-g303389-d2624389-Reviews-Pousada_Inconfidencia_Mineira-Ouro_Preto_State_of_Minas_Gerais.html
Pousada Vila São Francisco,Rua Alto do Campo | 381 | Lavras Novas | Ouro Preto | Minas Gerais 35400-000 Brasil,Lavras Novas ,Pousada,5,47,5.0,indef,59,28,3,-20.470291137695312,-43.517005920410156,https://www.tripadvisor.com.br/Hotel_Review-g2613515-d10640114-Reviews-Pousada_Vila_Sao_Francisco-Lavras_Novas_Ouro_Preto_State_of_Minas_Gerais.html
Casinha Mirante,Rua Conselheiro Quintiliano | 210 Centro | Ouro Preto | Minas Gerais 35400-000 Brasil,Ouro Preto ,indef,5,14,4.5,indef,100,90,47,-20.38301658630371,-43.50178527832031,https://www.tripadvisor.com.br/Hotel_Review-g303389-d15510333-Reviews-Casinha_Mirante-Ouro_Preto_State_of_Minas_Gerais.html
Pousada La Aldea Zen,Rua Ipiranga 234 Morro São Sebastião | Ouro Preto | Minas Gerais 35400-000 Brasil,Ouro Preto ,Pousada,6,23,4.5,indef,49,478,149,-20.372995376586914,-43.50202178955078,https://www.tripadvisor.com.br/Hotel_Review-g303389-d4235815-Reviews-Pousada_La_Aldea_Zen-Ouro_Preto_State_of_Minas_Gerais.html
OuroPreto Hostel,Rua Bernardo Vasconcellos 117 Antonio Dias | Ouro Preto | Minas Gerais 35400-000 Brasil,Ouro Preto ,Hostel,5,6,5.0,indef,100,102,53,-20.38584327697754,-43.501285552978516,https://www.tripadvisor.com.br/Hotel_Review-g303389-d17456140-Reviews-OuroPreto_Hostel-Ouro_Preto_State_of_Minas_Gerais.html
Pousada Capricho Asturiano,Rua D Ou Violeta 79 | Ouro Preto | Minas Gerais 35400-000 Brasil,Ouro Preto ,Pousada,8,124,3.5,indef,indef,indef,indef,-20.362834930419922,-43.713096618652344,https://www.tripadvisor.com.br/Hotel_Review-g303389-d1549628-Reviews-Pousada_Capricho_Asturiano-Ouro_Preto_State_of_Minas_Gerais.html
OYO Hospedaria Mineira,4 | R das Lajes | 32 | Ouro Preto | Minas Gerais 35400-000 Brasil,Ouro Preto ,indef,16,22,4.0,indef,36,17,2,-20.345125198364258,-43.67575454711914,https://www.tripadvisor.com.br/Hotel_Review-g303389-d12427575-Reviews-OYO_Hospedaria_Mineira-Ouro_Preto_State_of_Minas_Gerais.html
Acapela Pousada,Rua Alvarenga 460 | Ouro Preto | Minas Gerais 35400-000 Brasil,Ouro Preto ,Pousada,indef,2,5.0,indef,88,31,8,-20.381820678710938,-43.51538848876953,https://www.tripadvisor.com.br/Hotel_Review-g303389-d19750341-Reviews-Acapela_Pousada-Ouro_Preto_State_of_Minas_Gerais.html
Pousada da Simone,Rua Padre Rolim | 1273 | Ouro Preto | Minas Gerais 35400-000 Brasil,Ouro Preto ,Pousada,indef,12,4.0,indef,86,22,6,-20.378089904785156,-43.513301849365234,https://www.tripadvisor.com.br/Hotel_Review-g303389-d5503662-Reviews-Pousada_da_Simone-Ouro_Preto_State_of_Minas_Gerais.html
Solar das Glicinias,Rua Costa Senna 151 Centro | Ouro Preto | Minas Gerais 35400-000 Brasil,Ouro Preto ,indef,3,14,3.5,indef,indef,indef,indef,-20.349702835083008,-43.662139892578125,https://www.tripadvisor.com.br/Hotel_Review-g303389-d5503640-Reviews-Solar_das_Glicinias-Ouro_Preto_State_of_Minas_Gerais.html
Pousada Do G,Rua Carlos Tomas 57 A | Ouro Preto | Minas Gerais 35400-000 Brasil,Ouro Preto ,Pousada,indef,0,indef,3.0,100,106,55,-20.386890411376953,-43.50185012817383,https://www.tripadvisor.com.br/Hotel_Review-g303389-d17803752-Reviews-Pousada_Do_G-Ouro_Preto_State_of_Minas_Gerais.html
OYO Hotel Nossa Senhora Aparecida,Praça Cesário Alvim | 21 | Ouro Preto | Minas Gerais 35400-000 Brasil,Ouro Preto ,Hotel,15,6,2.5,indef,88,26,11,-20.39065933227539,-43.506439208984375,https://www.tripadvisor.com.br/Hotel_Review-g303389-d5567356-Reviews-OYO_Hotel_Nossa_Senhora_Aparecida-Ouro_Preto_State_of_Minas_Gerais.html
Suite 195 Lavras Novas,Rua Nossa Senhora dos Prazeres | Ouro Preto | Minas Gerais 35400-000 Brasil,Ouro Preto ,indef,indef,0,indef,4.0,41,10,1,-20.407840728759766,-43.49312973022461,https://www.tripadvisor.com.br/Hotel_Review-g303389-d15339176-Reviews-Suite_195_Lavras_Novas-Ouro_Preto_State_of_Minas_Gerais.html
Pousada Caminho Das Lavras,Acesso a Fazenda SN Venda Do Campo | Ouro Preto | Minas Gerais 35400-000 Brasil,Ouro Preto ,Pousada,indef,0,indef,4.0,indef,indef,indef,-20.37150001525879,-43.47074890136719,https://www.tripadvisor.com.br/Hotel_Review-g303389-d6747153-Reviews-Pousada_Caminho_Das_Lavras-Ouro_Preto_State_of_Minas_Gerais.html
Hotel Zacarias,Rua Dom Veloso | 274 | Ouro Preto | Minas Gerais Brasil,Ouro Preto ,Hotel,indef,0,indef,indef,indef,indef,indef,-20.526334762573242,-43.55858612060547,https://www.tripadvisor.com.br/Hotel_Review-g303389-d5567732-Reviews-Hotel_Zacarias-Ouro_Preto_State_of_Minas_Gerais.html
Hospedagem Residencial Marilaa de Dirceu,Rua Santa Efigencia | 61 Bairro Antonio Dias | Ouro Preto | Minas Gerais 35400-000 Brasil,Ouro Preto ,indef,indef,0,indef,3.0,indef,indef,indef,-20.31096076965332,-43.57809829711914,https://www.tripadvisor.com.br/Hotel_Review-g303389-d17698200-Reviews-Hospedagem_Residencial_Marilaa_de_Dirceu-Ouro_Preto_State_of_Minas_Gerais.html
Pousada Casa Dos Contos,Rua Camilo De Brito | 31 - Centro | Ouro Preto | Minas Gerais 35400-000 Brasil,Ouro Preto ,Pousada,10,273,4.0,2.0,100,106,52,-20.383333206176758,-43.502777099609375,https://www.tripadvisor.com.br/Hotel_Review-g303389-d2268102-Reviews-Pousada_Casa_Dos_Contos-Ouro_Preto_State_of_Minas_Gerais.html
Hotel do Teatro,Rua Costa Sena | 307 | Ouro Preto | Minas Gerais 35400-000 Brasil,Ouro Preto ,Hotel,8,109,4.0,3.0,100,134,64,-20.385988235473633,-43.50508117675781,https://www.tripadvisor.com.br/Hotel_Review-g303389-d4289668-Reviews-Hotel_do_Teatro-Ouro_Preto_State_of_Minas_Gerais.html
Pousada Carumbé Lavras Novas,Rua Projetada 220 | Lavras Novas | Ouro Preto | Minas Gerais 35400-000 Brasil,Lavras Novas ,Pousada,34,594,4.5,indef,60,25,3,-20.471426010131836,-43.51918029785156,https://www.tripadvisor.com.br/Hotel_Review-g2613515-d3215170-Reviews-Pousada_Carumbe_Lavras_Novas-Lavras_Novas_Ouro_Preto_State_of_Minas_Gerais.html
Pousada Villa Di Lavras,Rua Alto do Campo | 103 | Lavras Novas | Ouro Preto | Minas Gerais 35418-000 Brasil,Lavras Novas ,Pousada,indef,105,5.0,indef,59,23,3,-20.470970153808594,-43.5200309753418,https://www.tripadvisor.com.br/Hotel_Review-g2613515-d7287599-Reviews-Pousada_Villa_Di_Lavras-Lavras_Novas_Ouro_Preto_State_of_Minas_Gerais.html
Pousada Canto dos Prazeres,Rua Alto do Campo 131 | Lavras Novas | Ouro Preto | Minas Gerais 35400-000 Brasil,Lavras Novas ,Pousada,7,156,4.5,indef,48,22,2,-20.468454360961914,-43.51691436767578,https://www.tripadvisor.com.br/Hotel_Review-g2613515-d3941606-Reviews-Pousada_Canto_dos_Prazeres-Lavras_Novas_Ouro_Preto_State_of_Minas_Gerais.html
Pousada Vila Das Artes Chalés,Rua Alto Do Campo | 297 | Lavras Novas | Ouro Preto | Minas Gerais 35400-000 Brasil,Lavras Novas ,Pousada,indef,59,5.0,indef,85,136,67,-20.392879486083984,-43.50217819213867,https://www.tripadvisor.com.br/Hotel_Review-g2613515-d5488953-Reviews-Pousada_Vila_Das_Artes_Chales-Lavras_Novas_Ouro_Preto_State_of_Minas_Gerais.html
Pousada Vista Alegre,Rua Nossa Senhora dos Prazeres 1030 | Lavras Novas | Ouro Preto | Minas Gerais 35400-000 Brasil,Lavras Novas ,Pousada,indef,43,5.0,indef,62,23,3,-20.4755916595459,-43.52284240722656,https://www.tripadvisor.com.br/Hotel_Review-g2613515-d12608452-Reviews-Pousada_Vista_Alegre-Lavras_Novas_Ouro_Preto_State_of_Minas_Gerais.html
Viva Chico Rei Hostel,Praça Antonio Dias | 14 | Ouro Preto | Minas Gerais 35400-000 Brasil,Ouro Preto ,Hostel,29,46,4.5,2.0,100,87,50,-20.386869430541992,-43.500831604003906,https://www.tripadvisor.com.br/Hotel_Review-g303389-d6157406-Reviews-Viva_Chico_Rei_Hostel-Ouro_Preto_State_of_Minas_Gerais.html
Estalagem das Minas Gerais,Rod. Dos Inconfidentes | Km 88 | S/N - Centro | Ouro Preto | Minas Gerais Brasil,Ouro Preto ,indef,196,111,4.0,indef,76,54,1,-20.40254020690918,-43.504920959472656,https://www.tripadvisor.com.br/Hotel_Review-g303389-d2423555-Reviews-Estalagem_das_Minas_Gerais-Ouro_Preto_State_of_Minas_Gerais.html
Pousada Caminho das Lavras,Lavras Novas | Ouro Preto | Minas Gerais Brasil,Lavras Novas ,Pousada,indef,33,5.0,indef,indef,indef,indef,-20.457263946533203,-43.540184020996094,https://www.tripadvisor.com.br/Hotel_Review-g2613515-d6510350-Reviews-Pousada_Caminho_das_Lavras-Lavras_Novas_Ouro_Preto_State_of_Minas_Gerais.html
Pousada Serra Do Luar,Rua Nossa Senhora Dos Prazeres | 119 | Lavras Novas | Ouro Preto | Minas Gerais 35400-000 Brasil,Lavras Novas ,Pousada,indef,58,4.0,indef,62,26,3,-20.477951049804688,-43.5124626159668,https://www.tripadvisor.com.br/Hotel_Review-g2613515-d5498679-Reviews-Pousada_Serra_Do_Luar-Lavras_Novas_Ouro_Preto_State_of_Minas_Gerais.html
Pousada Vila do Campo,Rua Alto do Campo 321 | Lavras Novas | Ouro Preto | Minas Gerais 35418-000 Brasil,Lavras Novas ,Pousada,7,110,4.5,indef,56,23,3,-20.470035552978516,-43.51765441894531,https://www.tripadvisor.com.br/Hotel_Review-g2613515-d2658305-Reviews-Pousada_Vila_do_Campo-Lavras_Novas_Ouro_Preto_State_of_Minas_Gerais.html
SESC Pousada Ouro Preto,Rodovia dos Inconfidentes | Km 88 Tripuí | Ouro Preto | Minas Gerais 35400-000 Brasil,Ouro Preto ,Pousada,indef,410,4.0,3.0,indef,indef,indef,-20.3769474029541,-43.55708694458008,https://www.tripadvisor.com.br/Hotel_Review-g303389-d6953532-Reviews-Hotel_Sesc_Ouro_Preto-Ouro_Preto_State_of_Minas_Gerais.html
Hostel Goiabada com Queijo,Rua do Pilar | 44 | Ouro Preto | Minas Gerais 35.400-000 Brasil,Ouro Preto ,Hostel,3,160,4.5,indef,100,143,63,-20.386415481567383,-43.50646209716797,https://www.tripadvisor.com.br/Hotel_Review-g303389-d3532139-Reviews-Hostel_Goiabada_com_Queijo-Ouro_Preto_State_of_Minas_Gerais.html
Pousada Vila Mineira - Lavras Novas,Rua Nossa Senhora dos Prazeres 121 | Lavras Novas | Ouro Preto | Minas Gerais 35400-000 Brasil,Lavras Novas ,Pousada,14,214,4.0,indef,60,26,3,-20.47808265686035,-43.512210845947266,https://www.tripadvisor.com.br/Hotel_Review-g2613515-d2622167-Reviews-Pousada_Vila_Mineira_Lavras_Novas-Lavras_Novas_Ouro_Preto_State_of_Minas_Gerais.html
Rock in Hostel,Rua Brigadeiro Musqueira | 14 | Ouro Preto | Minas Gerais 35400-000 Brasil,Ouro Preto ,Hostel,5,96,4.5,indef,100,135,60,-20.38585662841797,-43.50398254394531,https://www.tripadvisor.com.br/Hotel_Review-g303389-d6957316-Reviews-Rock_in_Hostel-Ouro_Preto_State_of_Minas_Gerais.html
Pousada Vila São Francisco,Rua Alto do Campo | 381 | Lavras Novas | Ouro Preto | Minas Gerais 35400-000 Brasil,Lavras Novas ,Pousada,5,47,5.0,indef,59,28,3,-20.470291137695312,-43.517005920410156,https://www.tripadvisor.com.br/Hotel_Review-g2613515-d10640114-Reviews-Pousada_Vila_Sao_Francisco-Lavras_Novas_Ouro_Preto_State_of_Minas_Gerais.html
Pousada Abigail Conde,Rua Alferes J Periquito 72 Alto das Dores | Ouro Preto | Minas Gerais 35400-000 Brasil,Ouro Preto ,Pousada,12,157,4.0,indef,87,13,13,-20.390975952148438,-43.498695373535156,https://www.tripadvisor.com.br/Hotel_Review-g303389-d2703222-Reviews-Pousada_Abigail_Conde-Ouro_Preto_State_of_Minas_Gerais.html
Pousada Nello Nuno,Rua Camilo De Brito | 59 - Centro Centro | Ouro Preto | Minas Gerais 35400-000 Brasil,Ouro Preto ,Pousada,6,97,4.0,indef,100,108,54,-20.38351058959961,-43.50275421142578,https://www.tripadvisor.com.br/Hotel_Review-g303389-d1759703-Reviews-Pousada_Nello_Nuno-Ouro_Preto_State_of_Minas_Gerais.html
Pousada do Ouvidor,Praca Antonio Dias 99 | Ouro Preto | Minas Gerais 35400-000 Brasil,Ouro Preto ,Pousada,16,220,4.0,2.0,97,66,48,-20.38697624206543,-43.500038146972656,https://www.tripadvisor.com.br/Hotel_Review-g303389-d2268814-Reviews-Pousada_do_Ouvidor-Ouro_Preto_State_of_Minas_Gerais.html
Pousada Vila de Gaia,Rua do Cha 280 | Lavras Novas | Ouro Preto | Minas Gerais 35400-000 Brasil,Lavras Novas ,Pousada,7,81,4.5,indef,67,30,3,-20.478713989257812,-43.51735305786133,https://www.tripadvisor.com.br/Hotel_Review-g2613515-d7255370-Reviews-Pousada_Vila_de_Gaia-Lavras_Novas_Ouro_Preto_State_of_Minas_Gerais.html
Pousada Biz & Biu,Rua Das Montanhas | 542 | Lavras Novas | Ouro Preto | Minas Gerais 35400-000 Brasil,Lavras Novas ,Pousada,6,44,4.5,indef,59,30,3,-20.471031188964844,-43.5157356262207,https://www.tripadvisor.com.br/Hotel_Review-g2613515-d5558376-Reviews-Biz_Biu_Pousada_Lavras_Novas-Lavras_Novas_Ouro_Preto_State_of_Minas_Gerais.html
José e Maria Hostel Bar,Rua Henri Gorceix 203 Centro | Ouro Preto | Minas Gerais 35400-000 Brasil,Ouro Preto ,Hostel,5,65,4.5,indef,100,99,49,-20.382253646850586,-43.50423049926758,https://www.tripadvisor.com.br/Hotel_Review-g303389-d6886312-Reviews-Jose_e_Maria_Hostel_Bar-Ouro_Preto_State_of_Minas_Gerais.html
Pousada Encantos de Glaura,Rua Ana de Sa 305 Soares - Distrito de Glaura | Ouro Preto | Minas Gerais 35408-000 Brasil,Ouro Preto ,Pousada,13,110,4.5,indef,indef,indef,indef,-20.257221221923828,-43.66328811645508,https://www.tripadvisor.com.br/Hotel_Review-g303389-d2642999-Reviews-Pousada_Encantos_de_Glaura-Ouro_Preto_State_of_Minas_Gerais.html
Hotel Vila Relicário,Rua Rio Piracicaba | Ouro Preto | Minas Gerais 35400-000 Brasil,Ouro Preto ,Hotel,24,86,4.0,indef,indef,indef,indef,-20.364334106445312,-43.47990036010742,https://www.tripadvisor.com.br/Hotel_Review-g303389-d7313927-Reviews-Hotel_Vila_Relicario-Ouro_Preto_State_of_Minas_Gerais.html
Pousada Monttana,Travessa da Rua Projetada | 120 | Lavras Novas | Ouro Preto | Minas Gerais 35400-000 Brasil,Lavras Novas ,Pousada,13,42,4.5,indef,59,25,3,-20.470294952392578,-43.51741409301758,https://www.tripadvisor.com.br/Hotel_Review-g2613515-d9458882-Reviews-Pousada_Monttana-Lavras_Novas_Ouro_Preto_State_of_Minas_Gerais.html
Pousada Kokopelli,Rua Nossa Senhora dos Prazeres | 114 | Lavras Novas | Ouro Preto | Minas Gerais 30400-000 Brasil,Lavras Novas ,Pousada,7,63,4.5,indef,60,25,3,-20.47831153869629,-43.51231384277344,https://www.tripadvisor.com.br/Hotel_Review-g2613515-d5488930-Reviews-Pousada_Kokopelli-Lavras_Novas_Ouro_Preto_State_of_Minas_Gerais.html
Pousada Inconfidência Mineira,Rua Manganes 329 | Ouro Preto | Minas Gerais 35400-000 Brasil,Ouro Preto ,Pousada,10,117,4.0,3.0,73,37,9,-20.3763484954834,-43.51765441894531,https://www.tripadvisor.com.br/Hotel_Review-g303389-d2624389-Reviews-Pousada_Inconfidencia_Mineira-Ouro_Preto_State_of_Minas_Gerais.html
Pousada Caminhos da Liberdade,Rua Camilo de Brito 15 | Ouro Preto | Minas Gerais 35400-000 Brasil,Ouro Preto ,Pousada,8,86,4.0,indef,100,116,52,-20.383581161499023,-43.5030632019043,https://www.tripadvisor.com.br/Hotel_Review-g303389-d2626360-Reviews-Pousada_Caminhos_da_Liberdade-Ouro_Preto_State_of_Minas_Gerais.html
Pousada Makutta,Rua Nossa Senhora dos Prazeres 1258 | Lavras Novas | Ouro Preto | Minas Gerais 35400-000 Brasil,Lavras Novas ,Pousada,7,24,4.5,indef,42,10,1,-20.407840728759766,-43.49312973022461,https://www.tripadvisor.com.br/Hotel_Review-g2613515-d9765590-Reviews-Pousada_Makutta-Lavras_Novas_Ouro_Preto_State_of_Minas_Gerais.html
Chalés Canto da Siriema,Rua Alto do Campo 501 | Lavras Novas | Ouro Preto | Minas Gerais 35400-000 Brasil,Lavras Novas ,Chale,2,20,5.0,indef,55,22,3,-20.469743728637695,-43.518672943115234,https://www.tripadvisor.com.br/Hotel_Review-g2613515-d8040183-Reviews-Chales_Canto_da_Siriema-Lavras_Novas_Ouro_Preto_State_of_Minas_Gerais.html
Mar de Montanhas,Rua Gerais 181 Alto do Campo | Lavras Novas | Ouro Preto | Minas Gerais 35418-000 Brasil,Lavras Novas ,indef,2,13,5.0,indef,45,26,0,-21.223215103149414,-45.00180435180664,https://www.tripadvisor.com.br/Hotel_Review-g2613515-d15603507-Reviews-Mar_de_Montanhas-Lavras_Novas_Ouro_Preto_State_of_Minas_Gerais.html
Pousada Bambolim,Rua Nossa Senhora Dos Prazeres | 159 | Lavras Novas | Ouro Preto | Minas Gerais Brasil,Lavras Novas ,Pousada,indef,20,4.5,indef,64,27,3,-20.477922439575195,-43.51303482055664,https://www.tripadvisor.com.br/Hotel_Review-g2613515-d5488937-Reviews-Pousada_Bambolim-Lavras_Novas_Ouro_Preto_State_of_Minas_Gerais.html
Hotel Fazenda Recanto Das Montanhas,Fazenda Paiol | Glaura | Ouro Preto | Minas Gerais 35408-000 Brasil,Glaura ,Hotel,indef,26,4.0,indef,indef,indef,indef,-20.25613021850586,-43.637271881103516,https://www.tripadvisor.com.br/Hotel_Review-g15312782-d5549155-Reviews-Hotel_Fazenda_Recanto_Das_Montanhas-Glaura_Ouro_Preto_State_of_Minas_Gerais.html
Chalés da Pedra,Rua da Fonte 120 | Lavras Novas | Ouro Preto | Minas Gerais 35400-000 Brasil,Lavras Novas ,Chale,8,34,4.0,indef,67,18,3,-20.477575302124023,-43.520084381103516,https://www.tripadvisor.com.br/Hotel_Review-g2613515-d8791554-Reviews-Chales_da_Pedra-Lavras_Novas_Ouro_Preto_State_of_Minas_Gerais.html
Pousada Chales Sesmaria,Rua da Fonte 106 | Lavras Novas | Ouro Preto | Minas Gerais 35418-000 Brasil,Lavras Novas ,Pousada,indef,9,5.0,indef,indef,indef,indef,-20.398540496826172,-43.418121337890625,https://www.tripadvisor.com.br/Hotel_Review-g2613515-d12111040-Reviews-Pousada_Chales_Sesmaria-Lavras_Novas_Ouro_Preto_State_of_Minas_Gerais.html
Pousada Bouganville,Rua Sete De Setembro | 64 Centro | Cachoeira do Campo | Ouro Preto | Minas Gerais 35410-000 Brasil,Cachoeira do Campo ,Pousada,indef,10,5.0,indef,42,19,2,-20.34632110595703,-43.67105484008789,https://www.tripadvisor.com.br/Hotel_Review-g3844566-d4510445-Reviews-Pousada_Bouganville-Cachoeira_do_Campo_Ouro_Preto_State_of_Minas_Gerais.html
Hotel Toffolo,Rua São José | 72 Centro | Ouro Preto | Minas Gerais 35400-000 Brasil,Ouro Preto ,Hotel,indef,11,4.5,indef,100,145,62,-20.384267807006836,-43.50648498535156,https://www.tripadvisor.com.br/Hotel_Review-g303389-d4511371-Reviews-Hotel_Toffolo-Ouro_Preto_State_of_Minas_Gerais.html
Pousada Recanto Da Serra,Estrada De Lavras Novas / Venda Do Campo | Lavras Novas | Ouro Preto | Minas Gerais 35400-000 Brasil,Lavras Novas ,Pousada,11,6,4.5,indef,71,33,8,-20.37620735168457,-43.51884841918945,https://www.tripadvisor.com.br/Hotel_Review-g2613515-d4510551-Reviews-Pousada_Recanto_Da_Serra-Lavras_Novas_Ouro_Preto_State_of_Minas_Gerais.html
Chalés Sesmaria,Rua da Fonte 53 | Ouro Preto | Minas Gerais 35400-000 Brasil,Ouro Preto ,Chale,indef,9,4.5,indef,indef,indef,indef,-20.312339782714844,-43.57835006713867,https://www.tripadvisor.com.br/Hotel_Review-g303389-d7726085-Reviews-Chales_Sesmaria-Ouro_Preto_State_of_Minas_Gerais.html
Pousada Jardim Secreto,Estrada Madureira Km 76 | Ouro Preto | Minas Gerais 35400-000 Brasil,Ouro Preto ,Pousada,5,12,4.5,indef,indef,indef,indef,-20.377538681030273,-43.694644927978516,https://www.tripadvisor.com.br/Hotel_Review-g303389-d3337011-Reviews-Pousada_Jardim_Secreto-Ouro_Preto_State_of_Minas_Gerais.html
Chales Quinteto de Cores,Rua Nossa Senhora dos Prazeres 186 | Lavras Novas | Ouro Preto | Minas Gerais 35400-000 Brasil,Lavras Novas ,Chale,indef,16,5.0,indef,62,25,3,-20.479156494140625,-43.51323318481445,https://www.tripadvisor.com.br/Hotel_Review-g2613515-d13104058-Reviews-Chales_Quinteto_de_Cores-Lavras_Novas_Ouro_Preto_State_of_Minas_Gerais.html
Pousada Toledo,Rua Conselheiro Quintiliano 395 | Ouro Preto | Minas Gerais Brasil,Ouro Preto ,Pousada,4,92,3.5,indef,93,62,38,-20.383739471435547,-43.5000114440918,https://www.tripadvisor.com.br/Hotel_Review-g303389-d627836-Reviews-Pousada_Toledo-Ouro_Preto_State_of_Minas_Gerais.html
Carumbe Chales,Rua Alto do Campo | 287 | Lavras Novas | Ouro Preto | Minas Gerais 35420-000 Brasil,Lavras Novas ,Chale,indef,15,4.5,indef,56,23,3,-20.4700870513916,-43.51823043823242,https://www.tripadvisor.com.br/Hotel_Review-g2613515-d13966557-Reviews-Carumbe_Chales-Lavras_Novas_Ouro_Preto_State_of_Minas_Gerais.html
Pousada Vila Rica,Rua Felipe dos Santos 165 | Ouro Preto | Minas Gerais 35400-000 Brasil,Ouro Preto ,Pousada,25,147,3.5,indef,100,85,51,-20.387828826904297,-43.50126647949219,https://www.tripadvisor.com.br/Hotel_Review-g303389-d2491418-Reviews-Pousada_Vila_Rica-Ouro_Preto_State_of_Minas_Gerais.html
Pousada Xavier Da Veiga,Rua Xavier Da Veiga 501 A | Ouro Preto | Minas Gerais 35400-000 Brasil,Ouro Preto ,Pousada,8,23,4.5,indef,100,141,65,-20.38688087463379,-43.5052604675293,https://www.tripadvisor.com.br/Hotel_Review-g303389-d10316444-Reviews-Pousada_Xavier_Da_Veiga-Ouro_Preto_State_of_Minas_Gerais.html
Pouso Jardim de Assis,Rua das Merces 88 | Ouro Preto | Minas Gerais 35400-000 Brasil,Ouro Preto ,indef,indef,11,5.0,indef,100,111,61,-20.38736343383789,-43.5026741027832,https://www.tripadvisor.com.br/Hotel_Review-g303389-d17588672-Reviews-Pouso_Jardim_de_Assis-Ouro_Preto_State_of_Minas_Gerais.html
Pousada La Aldea Zen,Rua Ipiranga 234 Morro São Sebastião | Ouro Preto | Minas Gerais 35400-000 Brasil,Ouro Preto ,Pousada,6,23,4.5,indef,49,478,149,-20.372995376586914,-43.50202178955078,https://www.tripadvisor.com.br/Hotel_Review-g303389-d4235815-Reviews-Pousada_La_Aldea_Zen-Ouro_Preto_State_of_Minas_Gerais.html
Casinha Mirante,Rua Conselheiro Quintiliano | 210 Centro | Ouro Preto | Minas Gerais 35400-000 Brasil,Ouro Preto ,indef,5,14,4.5,indef,100,90,47,-20.38301658630371,-43.50178527832031,https://www.tripadvisor.com.br/Hotel_Review-g303389-d15510333-Reviews-Casinha_Mirante-Ouro_Preto_State_of_Minas_Gerais.html
Hostel Imperial,Rua Claudio Manoel 113 | Ouro Preto | Minas Gerais 35400-000 Brasil,Ouro Preto ,Hostel,10,21,4.0,indef,100,110,51,-20.385723114013672,-43.50238037109375,https://www.tripadvisor.com.br/Hotel_Review-g303389-d10061386-Reviews-Hostel_Imperial-Ouro_Preto_State_of_Minas_Gerais.html
Ouro Preto Premium Hostel,Rua Antônio Pereira | 43 Centro | Ouro Preto | Minas Gerais 35400-000 Brasil,Ouro Preto ,Hostel,7,20,4.0,indef,100,133,64,-20.386463165283203,-43.5035400390625,https://www.tripadvisor.com.br/Hotel_Review-g303389-d5503642-Reviews-Ouro_Preto_Premium_Hostel-Ouro_Preto_State_of_Minas_Gerais.html
Antonia Rosa Hostel,Travessa do Arieira no 6 | Ouro Preto | Minas Gerais 35400-000 Brasil,Ouro Preto ,Hostel,5,27,4.5,indef,100,135,63,-20.385549545288086,-43.50484848022461,https://www.tripadvisor.com.br/Hotel_Review-g303389-d8722678-Reviews-Antonia_Rosa_Hostel-Ouro_Preto_State_of_Minas_Gerais.html
Freedom Hostel,Praca Antonio Dias 14 | Ouro Preto | Minas Gerais 35400-000 Brasil,Ouro Preto ,Hostel,5,25,4.5,indef,55,16,8,-20.3799991607666,-43.4900016784668,https://www.tripadvisor.com.br/Hotel_Review-g303389-d6613414-Reviews-Freedom_Hostel-Ouro_Preto_State_of_Minas_Gerais.html
Canto do Alto,Rua Resende 159 Bairro Alto da Cruz | Ouro Preto | Minas Gerais 35400-000 Brasil,Ouro Preto ,indef,indef,14,4.5,indef,83,17,12,-20.386362075805664,-43.49531173706055,https://www.tripadvisor.com.br/Hotel_Review-g303389-d13848359-Reviews-Canto_do_Alto-Ouro_Preto_State_of_Minas_Gerais.html
Pousada Ecorsini Aventura,MG 129 | KM 177 | Estrada Real | Trevo de Santa Rita de Ouro Preto | Santa Rita de Ouro Preto | Ouro Preto | Minas Gerais 35409-000 Brasil,Santa Rita de Ouro Preto ,Pousada,9,30,4.0,indef,indef,indef,indef,-20.48408317565918,-43.594261169433594,https://www.tripadvisor.com.br/Hotel_Review-g3845586-d8662829-Reviews-Pousada_Ecorsini_Aventura-Santa_Rita_de_Ouro_Preto_Ouro_Preto_State_of_Minas_Gerais.html
OYO Hospedaria Mineira,4 | R das Lajes | 32 | Ouro Preto | Minas Gerais 35400-000 Brasil,Ouro Preto ,indef,16,22,4.0,indef,36,17,2,-20.345125198364258,-43.67575454711914,https://www.tripadvisor.com.br/Hotel_Review-g303389-d12427575-Reviews-OYO_Hospedaria_Mineira-Ouro_Preto_State_of_Minas_Gerais.html
Alquimia Hospedagem,Rua São José | 196 | Ouro Preto | Minas Gerais 35400-000 Brasil,Ouro Preto ,indef,indef,14,5.0,indef,100,136,61,-20.385099411010742,-43.507381439208984,https://www.tripadvisor.com.br/Hotel_Review-g303389-d6921852-Reviews-Alquimia_Hospedagem-Ouro_Preto_State_of_Minas_Gerais.html
Suíte Doce Docê,Rua do Campo 240 | Lavras Novas | Ouro Preto | Minas Gerais 35400-000 Brasil,Lavras Novas ,indef,indef,14,4.5,indef,85,136,67,-20.392879486083984,-43.50217819213867,https://www.tripadvisor.com.br/Hotel_Review-g2613515-d6620709-Reviews-Suite_Doce_Doce-Lavras_Novas_Ouro_Preto_State_of_Minas_Gerais.html
Pousada Beija-Flor,Rua Nossa Senhora Dos Prazeres | 485 | Lavras Novas | Ouro Preto | Minas Gerais 35400-000 Brasil,Lavras Novas ,Pousada,indef,24,4.0,indef,42,10,1,-20.407840728759766,-43.49312973022461,https://www.tripadvisor.com.br/Hotel_Review-g2613515-d5498677-Reviews-Pousada_Beija_Flor-Lavras_Novas_Ouro_Preto_State_of_Minas_Gerais.html
OuroPreto Hostel,Rua Bernardo Vasconcellos 117 Antonio Dias | Ouro Preto | Minas Gerais 35400-000 Brasil,Ouro Preto ,Hostel,5,6,5.0,indef,100,102,53,-20.38584327697754,-43.501285552978516,https://www.tripadvisor.com.br/Hotel_Review-g303389-d17456140-Reviews-OuroPreto_Hostel-Ouro_Preto_State_of_Minas_Gerais.html
Rosário Hostel,Rua Gabriel dos Santos 104 | Ouro Preto | Minas Gerais 35400-000 Brasil,Ouro Preto ,Hostel,7,33,4.0,indef,95,62,21,-20.382471084594727,-43.510406494140625,https://www.tripadvisor.com.br/Hotel_Review-g303389-d3594699-Reviews-Rosario_Hostel-Ouro_Preto_State_of_Minas_Gerais.html
Brumas Hostel,Rua Padre Rolim | 167 Anexo á Igreja de Nossa Senhora das Mercês e Misericórdia | Ouro Preto | Minas Gerais 35400-000 Brasil,Ouro Preto ,Hostel,30,185,3.5,indef,100,134,64,-20.386463165283203,-43.503562927246094,https://www.tripadvisor.com.br/Hotel_Review-g303389-d8652021-Reviews-Brumas_Hostel-Ouro_Preto_State_of_Minas_Gerais.html
Descubra Gerais Hostel,Praça Tiradentes |122 | Ouro Preto | Minas Gerais 35400-000 Brasil,Ouro Preto ,Hostel,7,5,5.0,indef,100,132,62,-20.385820388793945,-43.50340270996094,https://www.tripadvisor.com.br/Hotel_Review-g303389-d14164173-Reviews-Descubra_Gerais_Hostel-Ouro_Preto_State_of_Minas_Gerais.html
Chalé Kazulo,Rua do Campos 340 | Lavras Novas | Ouro Preto | Minas Gerais 35418-000 Brasil,Lavras Novas ,Chale,indef,7,4.5,indef,65,30,3,-20.473194122314453,-43.51787185668945,https://www.tripadvisor.com.br/Hotel_Review-g2613515-d9554002-Reviews-Chale_Kazulo-Lavras_Novas_Ouro_Preto_State_of_Minas_Gerais.html
Hotel Fazenda Boa Vista,Rua Antonio Pereira s/n | Ouro Preto | Minas Gerais 35400-000 Brasil,Ouro Preto ,Hotel,23,6,4.5,indef,100,135,65,-20.386550903320312,-43.503700256347656,https://www.tripadvisor.com.br/Hotel_Review-g303389-d3777250-Reviews-Hotel_Fazenda_Boa_Vista-Ouro_Preto_State_of_Minas_Gerais.html
Pousada Chalet Do Carmo,Rua Costa Sena | 205 Centro | Ouro Preto | Minas Gerais 35400-000 Brasil,Ouro Preto ,Pousada,indef,3,5.0,3.0,100,142,64,-20.386850357055664,-43.504539489746094,https://www.tripadvisor.com.br/Hotel_Review-g303389-d4510131-Reviews-Pousada_Chalet_Do_Carmo-Ouro_Preto_State_of_Minas_Gerais.html
Barroco Hostel,Rua Bernardo de Vasconcelos 133 | Ouro Preto | Minas Gerais 35400-000 Brasil,Ouro Preto ,Hostel,indef,4,5.0,indef,indef,indef,indef,-20.5301456451416,-43.551605224609375,https://www.tripadvisor.com.br/Hotel_Review-g303389-d9808237-Reviews-Barroco_Hostel-Ouro_Preto_State_of_Minas_Gerais.html
Caminhos De Ouro Preto,Praca Tiradentes 136 | Ouro Preto | Minas Gerais 35400-000 Brasil,Ouro Preto ,indef,indef,2,5.0,3.0,100,135,61,-20.385799407958984,-43.50386047363281,https://www.tripadvisor.com.br/Hotel_Review-g303389-d17637572-Reviews-Caminhos_De_Ouro_Preto-Ouro_Preto_State_of_Minas_Gerais.html
Hostel Minas,Rua Padre Epifanio Bairro Antonio Dias | 101 | Ouro Preto | Minas Gerais 35400-000 Brasil,Ouro Preto ,Hostel,indef,5,4.0,indef,94,56,42,-20.387100219726562,-43.49953079223633,https://www.tripadvisor.com.br/Hotel_Review-g303389-d17586903-Reviews-Hostel_Minas-Ouro_Preto_State_of_Minas_Gerais.html
Pousada Fundo De Quintal,Rua Nossa Senhora Dos Prazeres | 799 | Ouro Preto | Minas Gerais Brasil,Ouro Preto ,Pousada,indef,6,4.0,indef,64,19,3,-20.476280212402344,-43.520469665527344,https://www.tripadvisor.com.br/Hotel_Review-g303389-d5503615-Reviews-Pousada_Fundo_De_Quintal-Ouro_Preto_State_of_Minas_Gerais.html
Pousada Casarão Dois Irmãos,Rua São Miguel Arcanjo | 227 Água Limpa | Ouro Preto | Minas Gerais 35400-000 Brasil,Ouro Preto ,Pousada,indef,6,4.0,indef,90,37,15,-20.3806209564209,-43.51181411743164,https://www.tripadvisor.com.br/Hotel_Review-g303389-d5026452-Reviews-Pousada_Casarao_Dois_Irmaos-Ouro_Preto_State_of_Minas_Gerais.html
Pousada Ao Mirante,Rua Do Alto do Campo 660 | Lavras Novas | Ouro Preto | Minas Gerais 35418-000 Brasil,Lavras Novas ,Pousada,4,2,5.0,3.0,57,30,3,-20.47078514099121,-43.51506423950195,https://www.tripadvisor.com.br/Hotel_Review-g2613515-d12226413-Reviews-Pousada_Ao_Mirante-Lavras_Novas_Ouro_Preto_State_of_Minas_Gerais.html
Pousada América,Rua Camilo de Brito 15 | Ouro Preto | Minas Gerais 35400-000 Brasil,Ouro Preto ,Pousada,9,6,4.0,indef,100,116,52,-20.38351058959961,-43.503108978271484,https://www.tripadvisor.com.br/Hotel_Review-g303389-d627837-Reviews-Pousada_America-Ouro_Preto_State_of_Minas_Gerais.html
Solar Douro,Rua Vereador Edmundo José Vieira | 161 | Ouro Preto | Minas Gerais 35400-000 Brasil,Ouro Preto ,indef,indef,2,4.5,indef,70,11,4,-20.383729934692383,-43.519168853759766,https://www.tripadvisor.com.br/Hotel_Review-g303389-d12699363-Reviews-Solar_Douro-Ouro_Preto_State_of_Minas_Gerais.html
Pousada Rural Santa Rita,Represa Do Taboão | Santa Rita de Ouro Preto | Ouro Preto | Minas Gerais 35409-000 Brasil,Santa Rita de Ouro Preto ,Pousada,24,2,4.5,3.0,72,12,5,-20.38780975341797,-43.49045944213867,https://www.tripadvisor.com.br/Hotel_Review-g3845586-d4512578-Reviews-Pousada_Rural_Santa_Rita-Santa_Rita_de_Ouro_Preto_Ouro_Preto_State_of_Minas_Gerais.html
Trevo da Chapada,Estrada de Lavras Novas Km 2 | Lavras Novas | Ouro Preto | Minas Gerais 35400-000 Brasil,Lavras Novas ,indef,indef,1,5.0,3.0,61,23,3,-20.474191665649414,-43.522308349609375,https://www.tripadvisor.com.br/Hotel_Review-g2613515-d13415624-Reviews-Trevo_da_Chapada-Lavras_Novas_Ouro_Preto_State_of_Minas_Gerais.html
Menestrel Chalés,Rua Alto Do Campo | 287 Centro | Lavras Novas | Ouro Preto | Minas Gerais 35400-000 Brasil,Lavras Novas ,Chale,indef,2,4.5,3.0,85,136,67,-20.392879486083984,-43.50217819213867,https://www.tripadvisor.com.br/Hotel_Review-g2613515-d4511934-Reviews-Menestrel_Chales-Lavras_Novas_Ouro_Preto_State_of_Minas_Gerais.html
Camping Clube Do Brasil (Ccb),Estrada Dos Inconfidentes | Km 91 | Ouro Preto | Minas Gerais Brasil,Ouro Preto ,indef,indef,6,3.5,indef,76,54,1,-20.40254020690918,-43.504920959472656,https://www.tripadvisor.com.br/Hotel_Review-g303389-d5567039-Reviews-Camping_Clube_Do_Brasil_Ccb-Ouro_Preto_State_of_Minas_Gerais.html
Residencial Pouso Dos Viajantes,Rua Diamante | 05 Antônio Pereira | Ouro Preto | Minas Gerais 35400 Brasil,Ouro Preto ,indef,24,7,3.5,indef,indef,indef,indef,-20.293140411376953,-43.47243118286133,https://www.tripadvisor.com.br/Hotel_Review-g303389-d3536438-Reviews-Residencial_Pouso_Dos_Viajantes-Ouro_Preto_State_of_Minas_Gerais.html
Pousada Imperatriz,Rua Conde De Bobadela | 179 Centro | Ouro Preto | Minas Gerais 35400-000 Brasil,Ouro Preto ,Pousada,indef,2,4.0,3.0,100,135,61,-20.3856258392334,-43.5038948059082,https://www.tripadvisor.com.br/Hotel_Review-g303389-d5503621-Reviews-Pousada_Imperatriz-Ouro_Preto_State_of_Minas_Gerais.html
Pousada Da Pedra,Rua da Fonte 120 Lavras Novas | Ouro Preto | Minas Gerais 35400-000 Brasil,Ouro Preto ,Pousada,indef,2,4.0,indef,indef,indef,indef,-20.530710220336914,-43.55294418334961,https://www.tripadvisor.com.br/Hotel_Review-g303389-d6747448-Reviews-Pousada_Da_Pedra-Ouro_Preto_State_of_Minas_Gerais.html
Pousada Café Com Arte,Rua Das Mercês | 45 Centro | Ouro Preto | Minas Gerais 35400-000 Brasil,Ouro Preto ,Pousada,indef,1,5.0,3.0,100,111,59,-20.386959075927734,-43.50246047973633,https://www.tripadvisor.com.br/Hotel_Review-g303389-d5503626-Reviews-Pousada_Cafe_Com_Arte-Ouro_Preto_State_of_Minas_Gerais.html
Dikasa Hostel,Rua Sao Miguel Arcanjo | 99 | Ouro Preto | Minas Gerais 35400-000 Brasil,Ouro Preto ,Hostel,1,6,4.5,indef,93,36,16,-20.381179809570312,-43.51176452636719,https://www.tripadvisor.com.br/Hotel_Review-g303389-d11779381-Reviews-Dikasa_Hostel-Ouro_Preto_State_of_Minas_Gerais.html
Pousada São Bartolomeu,Rua Das Mercês | 20 Distrito De São Bartolomeu | Ouro Preto | Minas Gerais 35400-000 Brasil,Ouro Preto ,Pousada,10,21,3.5,indef,100,110,57,-20.387426376342773,-43.50257110595703,https://www.tripadvisor.com.br/Hotel_Review-g303389-d5503656-Reviews-Pousada_Sao_Bartolomeu-Ouro_Preto_State_of_Minas_Gerais.html
Pouso Alforria,Rua Dois | 100 | Ouro Preto | Minas Gerais Brasil,Ouro Preto ,indef,indef,12,4.0,indef,73,53,6,-20.395788192749023,-43.512081146240234,https://www.tripadvisor.com.br/Hotel_Review-g303389-d5566997-Reviews-Pouso_Alforria-Ouro_Preto_State_of_Minas_Gerais.html
Pousada Turismo,Rua João Pedro Da Silva | 111 Bauxita | Ouro Preto | Minas Gerais 35400-000 Brasil,Ouro Preto ,Pousada,indef,17,3.5,indef,79,55,0,-20.4018497467041,-43.51081085205078,https://www.tripadvisor.com.br/Hotel_Review-g303389-d4510240-Reviews-Pousada_Turismo-Ouro_Preto_State_of_Minas_Gerais.html
Acapela Pousada,Rua Alvarenga 460 | Ouro Preto | Minas Gerais 35400-000 Brasil,Ouro Preto ,Pousada,indef,2,5.0,4.0,88,31,8,-20.381820678710938,-43.51538848876953,https://www.tripadvisor.com.br/Hotel_Review-g303389-d19750341-Reviews-Acapela_Pousada-Ouro_Preto_State_of_Minas_Gerais.html
Pousada Casa Figueira Da Foz,R. Bernardo Vasconcellos | 46 Localizado no Bairro de Antonio Dias | Ouro Preto | Minas Gerais 35400-000 Brasil,Ouro Preto ,Pousada,5,10,4.0,indef,indef,indef,indef,-20.530113220214844,-43.55224609375,https://www.tripadvisor.com.br/Hotel_Review-g303389-d5567263-Reviews-Casa_Figueira_Da_Foz-Ouro_Preto_State_of_Minas_Gerais.html
Casa Raiz Ouro Preto,Rua Conselheiro Santana | 111 | Bairro Pilar Casa | Ouro Preto | Minas Gerais 35400-000 Brasil,Ouro Preto ,indef,indef,2,5.0,indef,100,111,38,-20.385251998901367,-43.50864791870117,https://www.tripadvisor.com.br/Hotel_Review-g303389-d16665239-Reviews-Casa_Raiz_Ouro_Preto-Ouro_Preto_State_of_Minas_Gerais.html
Pousada Taynara,Rua Doutor Orlando Ramos nº 277 | Vila São José | Ouro Preto | Minas Gerais 35400-000 Brasil,Ouro Preto ,Pousada,14,4,4.5,4.0,100,81,31,-20.38728904724121,-43.50933074951172,https://www.tripadvisor.com.br/Hotel_Review-g303389-d4800578-Reviews-Pousada_Taynara-Ouro_Preto_State_of_Minas_Gerais.html
Pousada dos Inconfidentes,Praca Tiradentes 136 | Ouro Preto | Minas Gerais 35400-000 Brasil,Ouro Preto ,Pousada,3,17,3.0,indef,100,135,61,-20.385799407958984,-43.50386047363281,https://www.tripadvisor.com.br/Hotel_Review-g303389-d2624254-Reviews-Pousada_dos_Inconfidentes-Ouro_Preto_State_of_Minas_Gerais.html
Flat Ouro Preto,Rua Simao Lacerda 730 | Ouro Preto | Minas Gerais 35400-000 Brasil,Ouro Preto ,indef,23,2,4.0,2.0,65,51,0,-20.403230667114258,-43.51314163208008,https://www.tripadvisor.com.br/Hotel_Review-g303389-d12164440-Reviews-Flat_Ouro_Preto-Ouro_Preto_State_of_Minas_Gerais.html
Pousada Gabriela,Largo Musicista José Dos Anjos Costa | 58 | Ouro Preto | Minas Gerais 35400-000 Brasil,Ouro Preto ,Pousada,indef,1,5.0,3.0,100,89,51,-20.38796043395996,-43.50162124633789,https://www.tripadvisor.com.br/Hotel_Review-g303389-d5499379-Reviews-Pousada_Gabriela-Ouro_Preto_State_of_Minas_Gerais.html
Chalés Galo Do Campo,Rua Alto Do Campo  | 213 | Lavras Novas | Ouro Preto | Minas Gerais 35400-000 Brasil,Lavras Novas ,Chale,indef,1,5.0,3.0,86,16,8,-20.392295837402344,-43.50389099121094,https://www.tripadvisor.com.br/Hotel_Review-g2613515-d5600025-Reviews-Chales_Galo_Do_Campo-Lavras_Novas_Ouro_Preto_State_of_Minas_Gerais.html
Pousada e Restaurante Da Aparecida,Rua Jovino De Souza | 450 | Ouro Preto | Minas Gerais 35400-000 Brasil,Ouro Preto ,Pousada,indef,1,5.0,3.0,indef,indef,indef,-20.49725914001465,-43.467689514160156,https://www.tripadvisor.com.br/Hotel_Review-g303389-d5567072-Reviews-Pousada_e_Restaurante_Da_Aparecida-Ouro_Preto_State_of_Minas_Gerais.html
Pousada Aconchego Três Irmãos,Rua Nossa Senhora Dos Prazeres | 134 | Ouro Preto | Minas Gerais Brasil,Ouro Preto ,Pousada,indef,2,3.5,3.0,67,19,3,-20.47701644897461,-43.51854705810547,https://www.tripadvisor.com.br/Hotel_Review-g303389-d5600204-Reviews-Pousada_Aconchego_Tres_Irmaos-Ouro_Preto_State_of_Minas_Gerais.html
Hotel Do Colégio Vila Rica,Rua Felipe Dos Santos | 145 Antônio Dias | Ouro Preto | Minas Gerais 35400-000 Brasil,Ouro Preto ,Hotel,indef,5,3.0,3.0,100,87,51,-20.387699127197266,-43.50128936767578,https://www.tripadvisor.com.br/Hotel_Review-g303389-d5499394-Reviews-Hotel_Do_Colegio_Vila_Rica-Ouro_Preto_State_of_Minas_Gerais.html
Fazenda Campo Grande De Vila Rica,Estrada Antônio Pereira Km 4 | S/N | Ouro Preto | Minas Gerais 35400-000 Brasil,Ouro Preto ,indef,indef,1,4.0,3.0,indef,indef,indef,-20.303760528564453,-43.48020935058594,https://www.tripadvisor.com.br/Hotel_Review-g303389-d5600214-Reviews-Fazenda_Campo_Grande_De_Vila_Rica-Ouro_Preto_State_of_Minas_Gerais.html
Pousada Itacolomi Ii,Avenida Juscelino Kubitschek | 800 Bauxita | Ouro Preto | Minas Gerais 35400-000 Brasil,Ouro Preto ,Pousada,indef,17,3.0,indef,78,54,2,-20.401025772094727,-43.506431579589844,https://www.tripadvisor.com.br/Hotel_Review-g303389-d5567085-Reviews-Pousada_Itacolomi_Ii-Ouro_Preto_State_of_Minas_Gerais.html
Pensão Maria Efigênia Mendes,Rua Dr. Orlando Ramos | 190 - Vila São José | Ouro Preto | Minas Gerais 35400-000 Brasil,Ouro Preto ,indef,indef,0,indef,3.0,100,76,29,-20.386789321899414,-43.50967025756836,https://www.tripadvisor.com.br/Hotel_Review-g303389-d5567070-Reviews-Pensao_Maria_Efigenia_Mendes-Ouro_Preto_State_of_Minas_Gerais.html
Pousada Tabuleiro,Rua Tabuleiro | 15 | Ouro Preto | Minas Gerais 35400-000 Brasil,Ouro Preto ,Pousada,indef,0,indef,3.0,indef,indef,indef,-20.30582046508789,-43.4829216003418,https://www.tripadvisor.com.br/Hotel_Review-g303389-d5567046-Reviews-Pousada_Tabuleiro-Ouro_Preto_State_of_Minas_Gerais.html
Pouso Do Aleijadinho,Rua Antônio Martins |  33 | Ouro Preto | Minas Gerais 35400-000 Brasil,Ouro Preto ,indef,indef,0,indef,3.0,97,71,48,-20.388729095458984,-43.501399993896484,https://www.tripadvisor.com.br/Hotel_Review-g303389-d5567043-Reviews-Pouso_Do_Aleijadinho-Ouro_Preto_State_of_Minas_Gerais.html
Pousada Lilian,Rua Dom Veloso | 173 | Ouro Preto | Minas Gerais Brasil,Ouro Preto ,Pousada,indef,0,indef,indef,indef,indef,indef,-20.532379150390625,-43.55315017700195,https://www.tripadvisor.com.br/Hotel_Review-g303389-d5566998-Reviews-Pousada_Lilian-Ouro_Preto_State_of_Minas_Gerais.html
Hostel da Deia,Rua Dom Silverio | Ouro Preto | Minas Gerais 35400-000 Brasil,Ouro Preto ,Hostel,indef,0,indef,indef,90,28,22,-20.386690139770508,-43.498329162597656,https://www.tripadvisor.com.br/Hotel_Review-g303389-d12402027-Reviews-Hostel_da_Deia-Ouro_Preto_State_of_Minas_Gerais.html
Fernando Leite Hospedagem,Rua Henri Gorciex | 198 Centro | Ouro Preto | Minas Gerais 35400-000 Brasil,Ouro Preto ,indef,indef,0,indef,3.0,100,107,50,-20.3824405670166,-43.50394821166992,https://www.tripadvisor.com.br/Hotel_Review-g303389-d17581073-Reviews-Fernando_Leite_Hospedagem-Ouro_Preto_State_of_Minas_Gerais.html
Residencial Nazare Tedesco,Rua Conselheiro Quintiliano | 780 | Ouro Preto | Minas Gerais 35400-000 Brasil,Ouro Preto ,indef,indef,0,indef,3.0,88,15,14,-20.385234832763672,-43.49714660644531,https://www.tripadvisor.com.br/Hotel_Review-g303389-d15196674-Reviews-Residencial_Nazare_Tedesco-Ouro_Preto_State_of_Minas_Gerais.html
Grambello Hotel,Rua Cnso Quintiliano 604 Lajes | Ouro Preto | Minas Gerais Brasil,Ouro Preto ,Hotel,indef,0,indef,3.0,88,23,14,-20.38429832458496,-43.49803924560547,https://www.tripadvisor.com.br/Hotel_Review-g303389-d8082024-Reviews-Grambello_Hotel-Ouro_Preto_State_of_Minas_Gerais.html
Hostel o Camaleão,Rua Valentim Policarpo de Lima 337 | Ouro Preto | Minas Gerais 35400-000 Brasil,Ouro Preto ,Hostel,indef,0,indef,3.0,97,62,22,-20.384780883789062,-43.511260986328125,https://www.tripadvisor.com.br/Hotel_Review-g303389-d2299167-Reviews-Hostel_o_Camaleao-Ouro_Preto_State_of_Minas_Gerais.html
Hostel Central,Rua Camilo de Brito 11 | Ouro Preto | Minas Gerais 35400-000 Brasil,Ouro Preto ,Hostel,indef,2,3.5,4.0,100,116,53,-20.383480072021484,-43.50313949584961,https://www.tripadvisor.com.br/Hotel_Review-g303389-d12549490-Reviews-Hostel_Central-Ouro_Preto_State_of_Minas_Gerais.html
Pouso dos Querubins,Rua Nossa Senhora dos Prazeres 701 | Lavras Novas | Ouro Preto | Minas Gerais 35400-000 Brasil,Lavras Novas ,indef,indef,1,4.0,3.0,42,10,1,-20.407840728759766,-43.49312973022461,https://www.tripadvisor.com.br/Hotel_Review-g2613515-d12461782-Reviews-Pouso_dos_Querubins-Lavras_Novas_Ouro_Preto_State_of_Minas_Gerais.html
Chales das Andorinhas,Rua Nossa Senhora dos Prazeres 485 | Lavras Novas | Ouro Preto | Minas Gerais 35400-000 Brasil,Lavras Novas ,Chale,indef,1,4.0,indef,42,10,1,-20.407840728759766,-43.49312973022461,https://www.tripadvisor.com.br/Hotel_Review-g2613515-d12224104-Reviews-Chales_das_Andorinhas-Lavras_Novas_Ouro_Preto_State_of_Minas_Gerais.html
Chico Preto Hostel,Rua Padre Faria 204 | Ouro Preto | Minas Gerais 35400-000 Brasil,Ouro Preto ,Hostel,4,11,3.0,indef,77,15,10,-20.388032913208008,-43.493568420410156,https://www.tripadvisor.com.br/Hotel_Review-g303389-d8178021-Reviews-Chico_Preto_Hostel-Ouro_Preto_State_of_Minas_Gerais.html
Pousada Encantada,Rua Alto do Campo 99 | Lavras Novas | Ouro Preto | Minas Gerais 35418-000 Brasil,Lavras Novas ,Pousada,indef,1,3.0,3.0,indef,indef,indef,-20.529510498046875,-43.5483512878418,https://www.tripadvisor.com.br/Hotel_Review-g2613515-d7316155-Reviews-Pousada_Encantada-Lavras_Novas_Ouro_Preto_State_of_Minas_Gerais.html
Hotel Bandeirantes,Rua Ramiro Goncalves Da Silva 191 Sacramento Cachoeira Do Campo | Cachoeira do Campo | Ouro Preto | Minas Gerais 35410-000 Brasil,Cachoeira do Campo ,Hotel,indef,12,3.0,indef,38,24,2,-20.352853775024414,-43.6680793762207,https://www.tripadvisor.com.br/Hotel_Review-g3844566-d8083017-Reviews-Hotel_Bandeirantes-Cachoeira_do_Campo_Ouro_Preto_State_of_Minas_Gerais.html
OYO Hotel Nossa Senhora Aparecida,Praça Cesário Alvim | 21 | Ouro Preto | Minas Gerais 35400-000 Brasil,Ouro Preto ,Hotel,15,6,2.5,indef,88,26,11,-20.39065933227539,-43.506439208984375,https://www.tripadvisor.com.br/Hotel_Review-g303389-d5567356-Reviews-OYO_Hotel_Nossa_Senhora_Aparecida-Ouro_Preto_State_of_Minas_Gerais.html
Pousada Cantinho Mineiro,Rua Padre Rolim | 964 São Cristóvão | Ouro Preto | Minas Gerais 35400-000 Brasil,Ouro Preto ,Pousada,7,7,3.0,indef,86,10,4,-20.37899398803711,-43.51031494140625,https://www.tripadvisor.com.br/Hotel_Review-g303389-d5503665-Reviews-Pousada_Cantinho_Mineiro-Ouro_Preto_State_of_Minas_Gerais.html
Pousada do Pilar,Rua Benedito Valadares No. 219 | Ouro Preto | Minas Gerais 35400-000 Brasil,Ouro Preto ,Pousada,16,41,2.0,indef,100,75,29,-20.385040283203125,-43.51020812988281,https://www.tripadvisor.com.br/Hotel_Review-g303389-d2214197-Reviews-Pousada_do_Pilar-Ouro_Preto_State_of_Minas_Gerais.html
Pousada da Lavra,Rua Fazenda Santa Rita de Cassia Engenheiro Correia | Ouro Preto | Minas Gerais 35400-000 Brasil,Ouro Preto ,Pousada,indef,15,2.0,indef,66,12,5,-20.38780975341797,-43.49045944213867,https://www.tripadvisor.com.br/Hotel_Review-g303389-d7680796-Reviews-Pousada_da_Lavra-Ouro_Preto_State_of_Minas_Gerais.html
Pousada Pouso Dos Viajantes,Praca Prefeito Amadeu Barbosa 83 | Ouro Preto | Minas Gerais 35400-000 Brasil,Ouro Preto ,Pousada,19,43,2.5,indef,73,41,13,-20.37579917907715,-43.51557922363281,https://www.tripadvisor.com.br/Hotel_Review-g303389-d2491522-Reviews-Pousada_Pouso_Dos_Viajantes-Ouro_Preto_State_of_Minas_Gerais.html
Pousada Brasil,Rua Conselheiro Quintiliano 271 Centro | Ouro Preto | Minas Gerais Brasil,Ouro Preto ,Pousada,26,67,2.0,indef,98,77,39,-20.38315773010254,-43.5009765625,https://www.tripadvisor.com.br/Hotel_Review-g303389-d1066415-Reviews-Pousada_Brasil-Ouro_Preto_State_of_Minas_Gerais.html
Pousada São Luís,Largo Musicista Jose dos Anjos Costa n. 58 | Ouro Preto | Minas Gerais 35400-000 Brasil,Ouro Preto ,Pousada,17,32,2.0,2.0,100,85,52,-20.388219833374023,-43.501609802246094,https://www.tripadvisor.com.br/Hotel_Review-g303389-d5892417-Reviews-Pousada_Sao_Luis-Ouro_Preto_State_of_Minas_Gerais.html
Pousada Caminho Das Lavras,Acesso a Fazenda SN Venda Do Campo | Ouro Preto | Minas Gerais 35400-000 Brasil,Ouro Preto ,Pousada,indef,0,indef,3.0,indef,indef,indef,-20.37150001525879,-43.47074890136719,https://www.tripadvisor.com.br/Hotel_Review-g303389-d6747153-Reviews-Pousada_Caminho_Das_Lavras-Ouro_Preto_State_of_Minas_Gerais.html
Hospedagem De Baixo Custo,Rua Benedito Valadares Apartamento B | Ouro Preto | Minas Gerais 35400-000 Brasil,Ouro Preto ,indef,indef,0,indef,3.0,100,79,29,-20.38558006286621,-43.510009765625,https://www.tripadvisor.com.br/Hotel_Review-g303389-d17697367-Reviews-Hospedagem_De_Baixo_Custo-Ouro_Preto_State_of_Minas_Gerais.html
Uai So Espaco de Convivencia,Rua Analia Esteves Ribas 401 Jardim Alvorada | Ouro Preto | Minas Gerais 35400-000 Brasil,Ouro Preto ,indef,indef,0,indef,3.0,92,35,10,-20.386789321899414,-43.51259994506836,https://www.tripadvisor.com.br/Hotel_Review-g303389-d8081825-Reviews-Uai_So_Espaco_de_Convivencia-Ouro_Preto_State_of_Minas_Gerais.html
Hotel Pilao,Trecho Do Pilao 1 Centro | Ouro Preto | Minas Gerais Brasil,Ouro Preto ,Hotel,indef,0,indef,3.0,100,124,56,-20.384990692138672,-43.5029411315918,https://www.tripadvisor.com.br/Hotel_Review-g303389-d8083416-Reviews-Hotel_Pilao-Ouro_Preto_State_of_Minas_Gerais.html
A Casa Amarela,Rua Simão Lacerda | 953 | Ouro Preto | Minas Gerais 35400-000 Brasil,Ouro Preto ,indef,indef,0,indef,3.0,71,51,0,-20.402929306030273,-43.51169967651367,https://www.tripadvisor.com.br/Hotel_Review-g303389-d10671737-Reviews-A_Casa_Amarela-Ouro_Preto_State_of_Minas_Gerais.html
Republica Barraca Armada,Rua Professor Paulo Magalhaes Gomes 145 Bauxita | Ouro Preto | Minas Gerais 35400-000 Brasil,Ouro Preto ,indef,indef,0,indef,3.0,86,55,2,-20.40069007873535,-43.50925827026367,https://www.tripadvisor.com.br/Hotel_Review-g303389-d12585332-Reviews-Republica_Barraca_Armada-Ouro_Preto_State_of_Minas_Gerais.html
Pousada Real,Rua São Francisco | 5 | Ouro Preto | Minas Gerais Brasil,Ouro Preto ,Pousada,indef,0,indef,3.0,37,26,2,-20.3502197265625,-43.670188903808594,https://www.tripadvisor.com.br/Hotel_Review-g303389-d5600208-Reviews-Pousada_Real-Ouro_Preto_State_of_Minas_Gerais.html
Pousada Brumana,Rua Dr. Pacífico Homem | 66 Centro | Ouro Preto | Minas Gerais 35400-000 Brasil,Ouro Preto ,Pousada,indef,0,indef,3.0,100,138,60,-20.38789939880371,-43.505428314208984,https://www.tripadvisor.com.br/Hotel_Review-g303389-d5569652-Reviews-Pousada_Brumana-Ouro_Preto_State_of_Minas_Gerais.html
Hostel Vo Bela,Rua Doutor Joao Veloso 119 Alto Da Cruz | Ouro Preto | Minas Gerais 35400-000 Brasil,Ouro Preto ,Hostel,indef,0,indef,3.0,87,19,17,-20.38719940185547,-43.496559143066406,https://www.tripadvisor.com.br/Hotel_Review-g303389-d8080062-Reviews-Hostel_Vo_Bela-Ouro_Preto_State_of_Minas_Gerais.html
Morada da Aguia,Travessa Lavras Novas R Morada da Aguia | Ouro Preto | Minas Gerais 35400-000 Brasil,Ouro Preto ,indef,indef,0,indef,indef,42,17,1,-20.469942092895508,-43.52500915527344,https://www.tripadvisor.com.br/Hotel_Review-g303389-d13363607-Reviews-Morada_da_Aguia-Ouro_Preto_State_of_Minas_Gerais.html
Refugio,Rua Doutor Albino Sartori 47 | Ouro Preto | Minas Gerais 35400-000 Brasil,Ouro Preto ,indef,indef,0,indef,4.0,100,80,30,-20.386459350585938,-43.509788513183594,https://www.tripadvisor.com.br/Hotel_Review-g303389-d17697017-Reviews-Refugio-Ouro_Preto_State_of_Minas_Gerais.html
Republica Alquimia,Rua do Pilar Casa 27A | Ouro Preto | Minas Gerais 35400-000 Brasil,Ouro Preto ,indef,indef,0,indef,indef,100,145,63,-20.386539459228516,-43.50617980957031,https://www.tripadvisor.com.br/Hotel_Review-g303389-d19247606-Reviews-Republica_Alquimia-Ouro_Preto_State_of_Minas_Gerais.html
Hostel Real,rua Camilo de Brito N 11 Proximo a Praca Tiradentes | Ouro Preto | Minas Gerais 30730-610 Brasil,Ouro Preto ,Hostel,indef,0,indef,3.0,100,116,53,-20.383480072021484,-43.50313949584961,https://www.tripadvisor.com.br/Hotel_Review-g303389-d12332518-Reviews-Hostel_Real-Ouro_Preto_State_of_Minas_Gerais.html
Apart Hotel Flomon,R Alvarenga 130 Cabeças | Ouro Preto | Minas Gerais 35400-000 Brasil,Ouro Preto ,Hotel,indef,0,indef,3.0,94,39,15,-20.383420944213867,-43.51285171508789,https://www.tripadvisor.com.br/Hotel_Review-g303389-d4510439-Reviews-Apart_Hotel_Flomon-Ouro_Preto_State_of_Minas_Gerais.html
Casa da Beatriz,Rua do Aleijadinho 64 Casa | Ouro Preto | Minas Gerais 35400-000 Brasil,Ouro Preto ,indef,indef,0,indef,3.5,100,105,53,-20.386180877685547,-43.501548767089844,https://www.tripadvisor.com.br/Hotel_Review-g303389-d12862702-Reviews-Casa_da_Beatriz-Ouro_Preto_State_of_Minas_Gerais.html
Locking's Ouro Preto,Rua Brigadeiro Musqueira 66 | Ouro Preto | Minas Gerais 35400-000 Brasil,Ouro Preto ,indef,indef,0,indef,3.0,100,136,64,-20.3858699798584,-43.50450134277344,https://www.tripadvisor.com.br/Hotel_Review-g303389-d13388066-Reviews-Locking_s_Ouro_Preto-Ouro_Preto_State_of_Minas_Gerais.html
Pousada Trem De Doido,Rua Padre Rolim | 1.273 São Cristóvão | Ouro Preto | Minas Gerais 35400-000 Brasil,Ouro Preto ,Pousada,indef,0,indef,3.0,86,22,6,-20.378089904785156,-43.513301849365234,https://www.tripadvisor.com.br/Hotel_Review-g303389-d5503657-Reviews-Pousada_Trem_De_Doido-Ouro_Preto_State_of_Minas_Gerais.html
Astrid B&B,Praça Tiradentes |122 | Ouro Preto | Minas Gerais 35400-000 Brasil,Ouro Preto ,indef,6,0,indef,4.0,100,132,62,-20.385820388793945,-43.50340270996094,https://www.tripadvisor.com.br/Hotel_Review-g303389-d12969625-Reviews-Astrid_B_B-Ouro_Preto_State_of_Minas_Gerais.html
Casa Da Kau,Rua Padre Faria-Bairro | 60 Casa | Ouro Preto | Minas Gerais 35400-000 Brasil,Ouro Preto ,indef,indef,0,indef,indef,82,14,14,-20.38762092590332,-43.494789123535156,https://www.tripadvisor.com.br/Hotel_Review-g303389-d17664778-Reviews-Casa_Da_Kau-Ouro_Preto_State_of_Minas_Gerais.html
Pouso Dos Anjos,Rua Antônio De Albuquerque | 22 Pilar | Ouro Preto | Minas Gerais 35400-000 Brasil,Ouro Preto ,indef,indef,0,indef,3.0,100,130,59,-20.386259078979492,-43.50777816772461,https://www.tripadvisor.com.br/Hotel_Review-g303389-d5503619-Reviews-Pouso_Dos_Anjos-Ouro_Preto_State_of_Minas_Gerais.html
Clotildes Maria Pousada,Rua Padre Rolim 945 | Ouro Preto | Minas Gerais 35400-000 Brasil,Ouro Preto ,Pousada,indef,0,indef,3.0,86,11,4,-20.379159927368164,-43.51033020019531,https://www.tripadvisor.com.br/Hotel_Review-g303389-d4299433-Reviews-Clotildes_Maria_Pousada-Ouro_Preto_State_of_Minas_Gerais.html
Republica 4 Doses,Rua Salvador Tropia 138 | Ouro Preto | Minas Gerais 35400-000 Brasil,Ouro Preto ,indef,indef,0,indef,3.0,100,109,49,-20.382770538330078,-43.50339889526367,https://www.tripadvisor.com.br/Hotel_Review-g303389-d13007820-Reviews-Republica_4_Doses-Ouro_Preto_State_of_Minas_Gerais.html
Pousada Portal Da Chapada,Estrada Santa Rita | 9 Povoado Da Chapada | Ouro Preto | Minas Gerais Brasil,Ouro Preto ,Pousada,indef,0,indef,3.0,81,13,13,-20.38666343688965,-43.49460983276367,https://www.tripadvisor.com.br/Hotel_Review-g303389-d5567360-Reviews-Pousada_Portal_Da_Chapada-Ouro_Preto_State_of_Minas_Gerais.html
Pousada Las Orquídeas,Rua Belo Horizonte | 302 Chapada | Ouro Preto | Minas Gerais Brasil,Ouro Preto ,Pousada,indef,0,indef,4.0,indef,indef,indef,-20.36444091796875,-43.70820236206055,https://www.tripadvisor.com.br/Hotel_Review-g303389-d5567352-Reviews-Pousada_Las_Orquideas-Ouro_Preto_State_of_Minas_Gerais.html
Barroco Hostel,Praca Tiradentes 136C | Ouro Preto | Minas Gerais 35400-000 Brasil,Ouro Preto ,Hostel,3,0,indef,3.0,100,134,61,-20.385812759399414,-43.50376510620117,https://www.tripadvisor.com.br/Hotel_Review-g303389-d13814365-Reviews-Barroco_Hostel-Ouro_Preto_State_of_Minas_Gerais.html
Parador Pousada,Rua Felipe dos Santos 110 Antonio Dias | Ouro Preto | Minas Gerais 35400-000 Brasil,Ouro Preto ,Pousada,indef,0,indef,3.0,100,96,51,-20.387319564819336,-43.50143814086914,https://www.tripadvisor.com.br/Hotel_Review-g303389-d6745883-Reviews-Parador_Pousada-Ouro_Preto_State_of_Minas_Gerais.html
Pousada Maria Terezinha Maciel,Rua Paraná | 57 Centro | Ouro Preto | Minas Gerais 35400-000 Brasil,Ouro Preto ,Pousada,indef,0,indef,3.0,100,143,63,-20.385709762573242,-43.50590133666992,https://www.tripadvisor.com.br/Hotel_Review-g303389-d5567157-Reviews-Pousada_Maria_Terezinha_Maciel-Ouro_Preto_State_of_Minas_Gerais.html
Pensão Dona Diva,Rua Dr. Alfredo Baeta | 87 Santo Antônio Do Salto | Ouro Preto | Minas Gerais 35400-000 Brasil,Ouro Preto ,indef,indef,0,indef,3.0,100,95,51,-20.38724708557129,-43.501312255859375,https://www.tripadvisor.com.br/Hotel_Review-g303389-d5567142-Reviews-Pensao_Dona_Diva-Ouro_Preto_State_of_Minas_Gerais.html
Vila Glaura,Rua Pio XII 28 | Glaura | Ouro Preto | Minas Gerais 35408-000 Brasil,Glaura ,indef,2,0,indef,4.0,38,45,6,-20.29496192932129,-43.641971588134766,https://www.tripadvisor.com.br/Hotel_Review-g15312782-d20313556-Reviews-Vila_Glaura-Glaura_Ouro_Preto_State_of_Minas_Gerais.html
Espaco Ecologico Alefer,Estrada Para Chapada | Ouro Preto | Minas Gerais 35400-000 Brasil,Ouro Preto ,indef,indef,0,indef,indef,indef,indef,indef,-20.538930892944336,-43.5467414855957,https://www.tripadvisor.com.br/Hotel_Review-g303389-d13822133-Reviews-Espaco_Ecologico_Alefer-Ouro_Preto_State_of_Minas_Gerais.html
Hospedagem Residencial Marilaa de Dirceu,Rua Santa Efigencia | 61 Bairro Antonio Dias | Ouro Preto | Minas Gerais 35400-000 Brasil,Ouro Preto ,indef,indef,0,indef,3.0,indef,indef,indef,-20.31096076965332,-43.57809829711914,https://www.tripadvisor.com.br/Hotel_Review-g303389-d17698200-Reviews-Hospedagem_Residencial_Marilaa_de_Dirceu-Ouro_Preto_State_of_Minas_Gerais.html
Pousada Veredas,Rua Alto Do Campo | 99 | Lavras Novas | Ouro Preto | Minas Gerais 35400-000 Brasil,Lavras Novas ,Pousada,indef,0,indef,3.0,85,17,5,-20.39261817932129,-43.503074645996094,https://www.tripadvisor.com.br/Hotel_Review-g2613515-d5558372-Reviews-Pousada_Veredas-Lavras_Novas_Ouro_Preto_State_of_Minas_Gerais.html
Pousada Pousar Dos Pássaros,Rua Alto Do Campo | 121 | Lavras Novas | Ouro Preto | Minas Gerais 35400-000 Brasil,Lavras Novas ,Pousada,indef,0,indef,3.0,86,17,6,-20.392559051513672,-43.50328063964844,https://www.tripadvisor.com.br/Hotel_Review-g2613515-d5600031-Reviews-Pousada_Pousar_Dos_Passaros-Lavras_Novas_Ouro_Preto_State_of_Minas_Gerais.html
Florescer - Lavras Novas,Rua Alto do Campo 79 | Lavras Novas | Ouro Preto | Minas Gerais 35400-000 Brasil,Lavras Novas ,indef,indef,0,indef,3.0,85,18,5,-20.39263916015625,-43.502925872802734,https://www.tripadvisor.com.br/Hotel_Review-g2613515-d17637827-Reviews-Florescer_Lavras_Novas-Lavras_Novas_Ouro_Preto_State_of_Minas_Gerais.html
Chales Do Quintal,R. Nossa Sra. Dos Prazeres | 142 | Lavras Novas | Ouro Preto | Minas Gerais 35400-000 Brasil,Lavras Novas ,Chale,indef,0,indef,3.0,63,27,3,-20.478200912475586,-43.51306915283203,https://www.tripadvisor.com.br/Hotel_Review-g2613515-d21014498-Reviews-Chales_Do_Quintal-Lavras_Novas_Ouro_Preto_State_of_Minas_Gerais.html
Pousada Recanto Verde,Estrada de Lavras Novas s/n | Lavras Novas | Ouro Preto | Minas Gerais 35400-000 Brasil,Lavras Novas ,Pousada,10,0,indef,3.0,indef,indef,indef,-20.458101272583008,-43.533119201660156,https://www.tripadvisor.com.br/Hotel_Review-g2613515-d8868444-Reviews-Pousada_Recanto_Verde-Lavras_Novas_Ouro_Preto_State_of_Minas_Gerais.html
Recanto da Neblina,Rua Alto do Campo | Lavras Novas | Ouro Preto | Minas Gerais 35418-000 Brasil,Lavras Novas ,indef,indef,0,indef,3.0,60,23,3,-20.47100067138672,-43.5194091796875,https://www.tripadvisor.com.br/Hotel_Review-g2613515-d14904346-Reviews-Recanto_da_Neblina-Lavras_Novas_Ouro_Preto_State_of_Minas_Gerais.html
Casa De Vo Aia,Praca da Matriz 360 | Lavras Novas | Ouro Preto | Minas Gerais 35400-000 Brasil,Lavras Novas ,indef,6,0,indef,3.0,indef,indef,indef,-20.47294044494629,-43.54998016357422,https://www.tripadvisor.com.br/Hotel_Review-g2613515-d6635224-Reviews-Casa_De_Vo_Aia-Lavras_Novas_Ouro_Preto_State_of_Minas_Gerais.html
Lavras Real,indef,Lavras Novas ,indef,3,0,indef,3.0,indef,indef,indef,indef,indef,https://www.tripadvisor.com.br/Hotel_Review-g2613515-d15227847-Reviews-Lavras_Real-Lavras_Novas_Ouro_Preto_State_of_Minas_Gerais.html
Chapada Dos Bandeirantes,Ecovila Chapada Dos Bandeirantes 500 Metros Do Trevo De Lavras Novas | Lavras Novas | Ouro Preto | Minas Gerais 35400-000 Brasil,Lavras Novas ,indef,indef,0,indef,indef,indef,indef,indef,-20.46588897705078,-43.56159591674805,https://www.tripadvisor.com.br/Hotel_Review-g2613515-d21397396-Reviews-Chapada_Dos_Bandeirantes-Lavras_Novas_Ouro_Preto_State_of_Minas_Gerais.html
Brisa De Lavras,Rua Alto do Campo 507 | Lavras Novas | Ouro Preto | Minas Gerais 35400-000 Brasil,Lavras Novas ,indef,indef,0,indef,indef,60,23,3,-20.47100067138672,-43.5194091796875,https://www.tripadvisor.com.br/Hotel_Review-g2613515-d17722533-Reviews-Brisa_De_Lavras-Lavras_Novas_Ouro_Preto_State_of_Minas_Gerais.html
Pousada Da Chácara,Rua Amelia Alves 77 Sao Jose | Mariana | Minas Gerais 35420-000 Brasil,Mariana ,Pousada,19,48,4.0,indef,70,19,8,-20.38936424255371,-43.41547775268555,https://www.tripadvisor.com.br/Hotel_Review-g303386-d2657294-Reviews-Pousada_da_Chacara-Mariana_State_of_Minas_Gerais.html
Hotel Brasil Real,Rua Helvio Moreira Moraes 196 Vila do Carmo | Mariana | Minas Gerais 35420-000 Brasil,Mariana ,Hotel,23,24,4.0,2.0,77,29,13,-20.386350631713867,-43.423919677734375,https://www.tripadvisor.com.br/Hotel_Review-g303386-d2275483-Reviews-Hotel_Brasil_Real-Mariana_State_of_Minas_Gerais.html
Pousada do Chafariz,Rua Conego Rego | 149  |Centro Centro Historico | Mariana | Minas Gerais 35420-000 Brasil,Mariana ,Pousada,20,85,3.5,indef,100,51,36,-20.38079071044922,-43.41872024536133,https://www.tripadvisor.com.br/Hotel_Review-g303386-d2626342-Reviews-Pousada_do_Chafariz-Mariana_State_of_Minas_Gerais.html
Hotel Sinha Olimpia,Rua do Boqueirao 2 Passagem de Mariana | Mariana | Minas Gerais 35420-000 Brasil,Mariana ,Hotel,indef,4,5.0,indef,38,468,151,-20.392803192138672,-43.44392395019531,https://www.tripadvisor.com.br/Hotel_Review-g303386-d13000097-Reviews-Hotel_Sinha_Olimpia-Mariana_State_of_Minas_Gerais.html
Pousada Rainha dos Anjos,Rua Dom Silvério | 304 | Mariana | Minas Gerais 35420-000 Brasil,Mariana ,Pousada,15,39,3.5,indef,100,49,36,-20.380889892578125,-43.41904830932617,https://www.tripadvisor.com.br/Hotel_Review-g303386-d2624391-Reviews-Pousada_Rainha_dos_Anjos-Mariana_State_of_Minas_Gerais.html
Minas Hotel,Zona Rodovia dos Inconfidentes 1650 Bairro Vila do carmo | Mariana | Minas Gerais 35420-000 Brasil,Mariana ,Hotel,22,25,3.0,indef,64,23,4,-20.388221740722656,-43.42504119873047,https://www.tripadvisor.com.br/Hotel_Review-g303386-d3207258-Reviews-Minas_Hotel-Mariana_State_of_Minas_Gerais.html
Pousada Contos De Minas,Rua Zizinha Camello | 15 - Centro - | Mariana | Minas Gerais 35420-000 Brasil,Mariana ,Pousada,32,61,4.0,indef,100,65,26,-20.376529693603516,-43.415191650390625,https://www.tripadvisor.com.br/Hotel_Review-g303386-d2656278-Reviews-Pousada_Contos_De_Minas-Mariana_State_of_Minas_Gerais.html
Chalés dos Montes,Rodovia Municipal para Itaverava s/n Zona Rural | Santana dos Montes | Minas Gerais 36430-000 Brasil,Santana dos Montes ,Chale,3,90,5.0,indef,indef,indef,indef,-20.77655029296875,-43.64163589477539,https://www.tripadvisor.com.br/Hotel_Review-g2577798-d13532291-Reviews-Chales_dos_Montes-Santana_dos_Montes_State_of_Minas_Gerais.html
chale Mirante do sol,Rua nossa senhora dos prazeres 908 ao lado da escola . Rua pricipal . | Lavras Novas | Ouro Preto | Minas Gerais 35418-000 Brasil,Lavras Novas ,indef,4,128,5.0,indef,63,26,3,-20.4766788482666,-43.5219841003418,https://www.tripadvisor.com.br/Hotel_Review-g2613515-d9863013-Reviews-Chale_Mirante_do_Sol-Lavras_Novas_Ouro_Preto_State_of_Minas_Gerais.html
Pousada Chão de Minas,Rua Nossa Sra. Auxiliadora 29 | Cachoeira do Campo | Ouro Preto | Minas Gerais 35410-000 Brasil,Cachoeira do Campo ,Pousada,14,283,5.0,indef,42,20,2,-20.347299575805664,-43.67538070678711,https://www.tripadvisor.com.br/Hotel_Review-g3844566-d6875455-Reviews-Pousada_Chao_de_Minas-Cachoeira_do_Campo_Ouro_Preto_State_of_Minas_Gerais.html
Casa dos Meninos Cama & Café,Rua do Aleijadinho 89 Antonio Dias | Ouro Preto | Minas Gerais 35400-000 Brasil,Ouro Preto ,indef,4,452,5.0,indef,100,104,53,-20.386199951171875,-43.50138854980469,https://www.tripadvisor.com.br/Hotel_Review-g303389-d4223455-Reviews-Casa_dos_Meninos_Cama_Cafe-Ouro_Preto_State_of_Minas_Gerais.html
Pousada Villa Verde,Rua do Campo | 140 | Lavras Novas | Ouro Preto | Minas Gerais 35400-000 Brasil,Lavras Novas ,Pousada,10,170,5.0,indef,70,19,3,-20.476032257080078,-43.51763916015625,https://www.tripadvisor.com.br/Hotel_Review-g2613515-d5503683-Reviews-Pousada_Villa_Verde-Lavras_Novas_Ouro_Preto_State_of_Minas_Gerais.html
Tauá Resort & Convention Caeté,BR 381 | Km 44 |5 | Caeté | Minas Gerais 34800-000 Brasil,Caeté ,indef,350,3.871,4.5,3.5,indef,indef,indef,-19.76886749267578,-43.627567291259766,https://www.tripadvisor.com.br/Hotel_Review-g2346615-d2445360-Reviews-Taua_Resort_Convention_Caete-Caete_State_of_Minas_Gerais.html
Pousada Loft da Serra,Rua das Hortências 270 Alto do Campo | Lavras Novas | Ouro Preto | Minas Gerais 35400-000 Brasil,Lavras Novas ,Pousada,13,221,4.5,indef,59,25,3,-20.47051429748535,-43.51785659790039,https://www.tripadvisor.com.br/Hotel_Review-g2613515-d4747601-Reviews-Pousada_Loft_da_Serra-Lavras_Novas_Ouro_Preto_State_of_Minas_Gerais.html
Hotel Pousada do Arcanjo,Rua São Miguel Arcanjo | 270 900m da Praça Tiradentes com transfer gratuito | Ouro Preto | Minas Gerais 35400-000 Brasil,Ouro Preto ,Hotel,24,691,4.5,4.0,87,30,14,-20.379911422729492,-43.5115852355957,https://www.tripadvisor.com.br/Hotel_Review-g303389-d598402-Reviews-Hotel_Pousada_do_Arcanjo-Ouro_Preto_State_of_Minas_Gerais.html
H2 Hotel,Rua Raimundo Barbosa | 300 Praia | Congonhas | Minas Gerais 36415-000 Brasil,Congonhas ,Hotel,165,184,4.5,indef,79,67,9,-20.49905014038086,-43.863712310791016,https://www.tripadvisor.com.br/Hotel_Review-g675680-d14013966-Reviews-H2_Hotel-Congonhas_State_of_Minas_Gerais.html
Laranja Mecânica Hostel & Pousada,Rua Rodrigues Caldas 714 Bairro Santo Agostinho | Belo Horizonte | Minas Gerais 30190-120 Brasil,Belo Horizonte ,Pousada,8,239,4.5,indef,88,84,6,-19.930530548095703,-43.9560546875,https://www.tripadvisor.com.br/Hotel_Review-g303374-d3198916-Reviews-Laranja_Mecanica_Hostel_Pousada-Belo_Horizonte_State_of_Minas_Gerais.html
Ouro Minas Palace Hotel,Av. Cristiano Machado | 4001 | Belo Horizonte | Minas Gerais 31160-413 Brasil,Belo Horizonte ,Hotel,346,5.361,4.5,5.0,75,85,3,-19.876333236694336,-43.9289665222168,https://www.tripadvisor.com.br/Hotel_Review-g303374-d307446-Reviews-Ouro_Minas_Palace_Hotel-Belo_Horizonte_State_of_Minas_Gerais.html
Alfa Hotel,Praca Doutor Christovam Lopes de Carvalho 109 | Viçosa | Minas Gerais 36570-000 Brasil,Viçosa ,Hotel,95,336,4.5,4.0,100,164,4,-20.756498336791992,-42.87754440307617,https://www.tripadvisor.com.br/Hotel_Review-g1733776-d2562025-Reviews-Alfa_Hotel-Vicosa_State_of_Minas_Gerais.html
e.Suítes Sion,Avenida Uruguai | 1010 Sion | Belo Horizonte | Minas Gerais 30310-300 Brasil,Belo Horizonte ,indef,80,1.262,4.5,4.0,76,107,7,-19.955440521240234,-43.93136215209961,https://www.tripadvisor.com.br/Hotel_Review-g303374-d6369625-Reviews-ESuites_Sion-Belo_Horizonte_State_of_Minas_Gerais.html
Trilhas De Minas Hostel,Praca Antonio Dias 21 | Ouro Preto | Minas Gerais 35400-000 Brasil,Ouro Preto ,Hostel,3,164,5.0,2.0,100,85,50,-20.386455535888672,-43.50055694580078,https://www.tripadvisor.com.br/Hotel_Review-g303389-d6412263-Reviews-Trilhas_De_Minas_Hostel-Ouro_Preto_State_of_Minas_Gerais.html
Solar dos Montes,Praça Aristides de Araújo Teixeira | 189 | Santana dos Montes | Minas Gerais 36430-000 Brasil,Santana dos Montes ,indef,14,142,4.5,indef,indef,indef,indef,-20.788179397583008,-43.691402435302734,https://www.tripadvisor.com.br/Hotel_Review-g2577798-d4472109-Reviews-Solar_dos_Montes-Santana_dos_Montes_State_of_Minas_Gerais.html
Intercity BH Expo,Av. Amazonas | 7702 | Belo Horizonte | Minas Gerais 30510-000 Brasil,Belo Horizonte ,indef,286,622,4.5,4.0,51,50,1,-19.938526153564453,-44.0008659362793,https://www.tripadvisor.com.br/Hotel_Review-g303374-d10463214-Reviews-Intercity_BH_Expo-Belo_Horizonte_State_of_Minas_Gerais.html
Holiday Inn Belo Horizonte Savassi,Rua Professor Moraes | 600 | Belo Horizonte | Minas Gerais 30150-370 Brasil,Belo Horizonte ,indef,216,2.665,4.5,3.0,99,295,12,-19.938447952270508,-43.93156051635742,https://www.tripadvisor.com.br/Hotel_Review-g303374-d5005407-Reviews-Holiday_Inn_Belo_Horizonte_Savassi-Belo_Horizonte_State_of_Minas_Gerais.html
Pousada Palavras Novas,Rua Nossa Senhora Dos Prazeres | 1110 | Lavras Novas | Ouro Preto | Minas Gerais Brasil,Lavras Novas ,Pousada,19,354,4.5,indef,59,22,3,-20.474082946777344,-43.5232048034668,https://www.tripadvisor.com.br/Hotel_Review-g2613515-d2591380-Reviews-Pousada_Palavras_Novas-Lavras_Novas_Ouro_Preto_State_of_Minas_Gerais.html
Pousada Laços de Minas,Rua dos Paulistas 43 | Ouro Preto | Minas Gerais 35400-000 Brasil,Ouro Preto ,Pousada,10,283,4.5,3.0,100,107,51,-20.3853702545166,-43.50198745727539,https://www.tripadvisor.com.br/Hotel_Review-g303389-d2402590-Reviews-Pousada_Lacos_de_MInas-Ouro_Preto_State_of_Minas_Gerais.html
Santuário do Caraça,Estrada do Caraça – km 9 | Catas Altas | Minas Gerais 35960-000 Brasil,Catas Altas ,indef,indef,189,4.5,indef,indef,indef,indef,-20.097715377807617,-43.48833084106445,https://www.tripadvisor.com.br/Hotel_Review-g3158935-d3342119-Reviews-Santuario_do_Caraca-Catas_Altas_State_of_Minas_Gerais.html
Pousada Clássica,Rua Conde de Bobadela | 96 Centro | Ouro Preto | Minas Gerais 35400-000 Brasil,Ouro Preto ,Pousada,38,806,4.5,4.0,100,134,63,-20.385196685791016,-43.50470733642578,https://www.tripadvisor.com.br/Hotel_Review-g303389-d539356-Reviews-Pousada_Classica-Ouro_Preto_State_of_Minas_Gerais.html
Pousada Sinhá Olimpia,Rua Dom Helvécio | 180 | Ouro Preto | Minas Gerais 35400-000 Brasil,Ouro Preto ,Pousada,19,215,4.5,indef,71,35,9,-20.38091278076172,-43.520484924316406,https://www.tripadvisor.com.br/Hotel_Review-g303389-d1384284-Reviews-Sinha_Olimpia_Hotel-Ouro_Preto_State_of_Minas_Gerais.html
Hotel Fazenda Fonte Limpa,MG-0405 Km 3 Zona Rural | Santana dos Montes | Minas Gerais 36430-000 Brasil,Santana dos Montes ,Hotel,22,194,4.5,indef,indef,indef,indef,-20.806135177612305,-43.70144271850586,https://www.tripadvisor.com.br/Hotel_Review-g2577798-d3926554-Reviews-Hotel_Fazenda_Fonte_Limpa-Santana_dos_Montes_State_of_Minas_Gerais.html
Pouso Da Typographia,Praça Gomes Freire | 220 Centro | Mariana | Minas Gerais 35420-000 Brasil,Mariana ,indef,indef,23,4.0,indef,100,60,36,-20.37953758239746,-43.41693115234375,https://www.tripadvisor.com.br/Hotel_Review-g303386-d4512020-Reviews-Pouso_Da_Typographia-Mariana_State_of_Minas_Gerais.html
Hostel Relicario das Minas,Rua Mestre Vicente 41 | Mariana | Minas Gerais 35420-000 Brasil,Mariana ,Hostel,indef,3,4.5,4.0,indef,indef,indef,-20.192190170288086,-43.4192008972168,https://www.tripadvisor.com.br/Hotel_Review-g303386-d17574273-Reviews-Hostel_Relicario_das_Minas-Mariana_State_of_Minas_Gerais.html
Hotel Águas Claras,Rodovia Dos Inconfidentes | 550 Km 108 São José | Mariana | Minas Gerais 35420-000 Brasil,Mariana ,Hotel,indef,6,4.5,indef,79,39,16,-20.38713836669922,-43.42134475708008,https://www.tripadvisor.com.br/Hotel_Review-g303386-d5565304-Reviews-Hotel_Aguas_Claras-Mariana_State_of_Minas_Gerais.html
Pousada Getsemani,Rua Vereador Roberto Brandao Guimaraes 10 | Mariana | Minas Gerais 35420-000 Brasil,Mariana ,Pousada,23,6,3.5,indef,90,37,10,-20.37689208984375,-43.412841796875,https://www.tripadvisor.com.br/Hotel_Review-g303386-d5564488-Reviews-Pousada_Getsemani-Mariana_State_of_Minas_Gerais.html
Pousada Solar Dos Dois Sinos,Praça Aristides Pereira | 7 | Mariana | Minas Gerais 35420-000 Brasil,Mariana ,Pousada,indef,5,4.0,3.0,98,45,4,-20.373090744018555,-43.41661071777344,https://www.tripadvisor.com.br/Hotel_Review-g303386-d5565258-Reviews-Pousada_Solar_Dos_Dois_Sinos-Mariana_State_of_Minas_Gerais.html
Pousada Cachoeira Do Brumado,Distrito De Cachoeira Do Brumado | Mariana | Minas Gerais 35420-000 Brasil,Mariana ,Pousada,indef,1,5.0,3.0,indef,indef,indef,-20.400339126586914,-43.421119689941406,https://www.tripadvisor.com.br/Hotel_Review-g303386-d5565256-Reviews-Pousada_Cachoeira_Do_Brumado-Mariana_State_of_Minas_Gerais.html
Albergue Recanto Dos Tropeiros,Rua Mestre Vicente | 41 Centro | Mariana | Minas Gerais 35420-000 Brasil,Mariana ,indef,indef,1,4.0,3.0,67,32,1,-20.363445281982422,-43.4160270690918,https://www.tripadvisor.com.br/Hotel_Review-g303386-d5565239-Reviews-Albergue_Recanto_Dos_Tropeiros-Mariana_State_of_Minas_Gerais.html
Hotel Panorama,Mg 262 | Km 1700 Anel Rodoviário | Mariana | Minas Gerais 35420-000 Brasil,Mariana ,Hotel,indef,1,3.0,3.0,75,53,3,-20.36638069152832,-43.41419982910156,https://www.tripadvisor.com.br/Hotel_Review-g303386-d5565250-Reviews-Hotel_Panorama-Mariana_State_of_Minas_Gerais.html
Pousada Do Mário,Rua Tombadouro | 391 Cachoeira Do Brumado | Mariana | Minas Gerais 35420-000 Brasil,Mariana ,Pousada,12,2,3.0,3.0,indef,indef,indef,-20.399402618408203,-43.277992248535156,https://www.tripadvisor.com.br/Hotel_Review-g303386-d5565265-Reviews-Pousada_Do_Mario-Mariana_State_of_Minas_Gerais.html
Hotel Central,R Frei Durão 8 Centro | Mariana | Minas Gerais 35420-000 Brasil,Mariana ,Hotel,indef,3,2.5,3.0,100,57,33,-20.37894058227539,-43.41648864746094,https://www.tripadvisor.com.br/Hotel_Review-g303386-d4512238-Reviews-Hotel_Central-Mariana_State_of_Minas_Gerais.html
Hotel Pousada Das Gerais,Av Nossa Senhora Do Carmo | 890 Vila Do Carmo | Mariana | Minas Gerais 35420-000 Brasil,Mariana ,Hotel,57,28,3.0,indef,64,16,3,-20.387453079223633,-43.426151275634766,https://www.tripadvisor.com.br/Hotel_Review-g303386-d4512427-Reviews-Hotel_Pousada_Das_Gerais-Mariana_State_of_Minas_Gerais.html
Pousada Chácara Camargos,Rua Do Cruzeiro | 61 Camargos | Mariana | Minas Gerais 35420-000 Brasil,Mariana ,Pousada,indef,1,1.0,3.0,indef,indef,indef,-20.273786544799805,-43.4019660949707,https://www.tripadvisor.com.br/Hotel_Review-g303386-d5565276-Reviews-Pousada_Chacara_Camargos-Mariana_State_of_Minas_Gerais.html
Pousada Shunyata,Rua São Geraldo | S/N Distrito De Cachoeira Do Brumado | Mariana | Minas Gerais 35420-000 Brasil,Mariana ,Pousada,indef,0,indef,indef,indef,indef,indef,-20.397550582885742,-43.41427993774414,https://www.tripadvisor.com.br/Hotel_Review-g303386-d5565302-Reviews-Pousada_Shunyata-Mariana_State_of_Minas_Gerais.html
Pousada Aconchego Das Águas,Rua Tombadouro | 391 Distrito De Cachoeira Do Brumado | Mariana | Minas Gerais 35420-000 Brasil,Mariana ,Pousada,indef,0,indef,3.0,indef,indef,indef,-20.399402618408203,-43.277992248535156,https://www.tripadvisor.com.br/Hotel_Review-g303386-d5565274-Reviews-Pousada_Aconchego_Das_Aguas-Mariana_State_of_Minas_Gerais.html
Pousada Passo Do Carmo,Rua Monsenhor Horta | 13 Centro | Mariana | Minas Gerais 35420-000 Brasil,Mariana ,Pousada,indef,0,indef,3.0,100,60,24,-20.37470054626465,-43.41844940185547,https://www.tripadvisor.com.br/Hotel_Review-g303386-d5565273-Reviews-Pousada_Passo_Do_Carmo-Mariana_State_of_Minas_Gerais.html
Antônio Olinto,Rua V | 77 São José | Mariana | Minas Gerais 35420-000 Brasil,Mariana ,indef,indef,0,indef,3.0,85,84,35,-20.374958038330078,-43.42413330078125,https://www.tripadvisor.com.br/Hotel_Review-g303386-d5565269-Reviews-Antonio_Olinto-Mariana_State_of_Minas_Gerais.html
Pousada Solar Dos Corrêa,Rua Direita | 124 Centro | Mariana | Minas Gerais 35420-000 Brasil,Mariana ,Pousada,indef,0,indef,3.0,100,65,33,-20.377370834350586,-43.417781829833984,https://www.tripadvisor.com.br/Hotel_Review-g303386-d5565266-Reviews-Pousada_Solar_Dos_Correa-Mariana_State_of_Minas_Gerais.html
Quartos Para Temporada,Rua 3 Vila Maquine 81 | Mariana | Minas Gerais 35420-000 Brasil,Mariana ,indef,indef,0,indef,3.0,58,15,4,-20.391895294189453,-43.415828704833984,https://www.tripadvisor.com.br/Hotel_Review-g303386-d13474033-Reviews-Quartos_Para_Temporada-Mariana_State_of_Minas_Gerais.html
Galeria 12 Hotel Fazenda,Praia da Encantadas S/N  - Encantadas Centro | Mariana | Minas Gerais 35420-000 Brasil,Mariana ,Hotel,39,26,3.5,indef,indef,indef,indef,-20.38710594177246,-43.37980651855469,https://www.tripadvisor.com.br/Hotel_Review-g303386-d3377468-Reviews-Galeria_12_Hotel_Fazenda-Mariana_State_of_Minas_Gerais.html
Pousada da Serrinha,Rua do Hospital 370 Passagem | Mariana | Minas Gerais 35420-000 Brasil,Mariana ,Pousada,15,105,4.5,indef,indef,indef,indef,-20.399131774902344,-43.43830871582031,https://www.tripadvisor.com.br/Hotel_Review-g303386-d2437944-Reviews-Pousada_da_Serrinha-Mariana_State_of_Minas_Gerais.html
Recanto Águas de Minas,Rua Joao Batista 560 | Mariana | Minas Gerais 35420-000 Brasil,Mariana ,indef,5,37,4.5,indef,indef,indef,indef,-20.393003463745117,-43.45360565185547,https://www.tripadvisor.com.br/Hotel_Review-g303386-d6219588-Reviews-Recanto_Aguas_de_Minas-Mariana_State_of_Minas_Gerais.html
Pousada Ouro Real,Rua Direita 31 | Mariana | Minas Gerais 35420-000 Brasil,Mariana ,Pousada,8,43,4.5,indef,100,57,32,-20.378190994262695,-43.41678237915039,https://www.tripadvisor.com.br/Hotel_Review-g303386-d8705026-Reviews-Pousada_Ouro_Real-Mariana_State_of_Minas_Gerais.html
Hotel Providência,Rua Dom Silverio 233 Centro | Mariana | Minas Gerais 35420-000 Brasil,Mariana ,Hotel,27,67,3.5,1.0,100,55,36,-20.380577087402344,-43.41823959350586,https://www.tripadvisor.com.br/Hotel_Review-g303386-d2501033-Reviews-Hotel_Providencia-Mariana_State_of_Minas_Gerais.html
Pousada Primaz de Minas,Rua do Seminario 36 | Mariana | Minas Gerais 35420-000 Brasil,Mariana ,Pousada,indef,18,4.5,indef,94,33,29,-20.380754470825195,-43.41429138183594,https://www.tripadvisor.com.br/Hotel_Review-g303386-d13412215-Reviews-Pousada_Primaz_de_Minas-Mariana_State_of_Minas_Gerais.html
Pouso da Passagem,Rua do Boqueirao 28 | Mariana | Minas Gerais 35420-000 Brasil,Mariana ,indef,6,10,4.5,indef,38,468,151,-20.392911911010742,-43.44336700439453,https://www.tripadvisor.com.br/Hotel_Review-g303386-d6373820-Reviews-Pouso_da_Passagem-Mariana_State_of_Minas_Gerais.html
Pousada Fazenda Polyanna,Avenida Nossa Senhora do Carmo Distrito de Claudio Manoel | Mariana | Minas Gerais 35420-000 Brasil,Mariana ,Pousada,6,6,5.0,indef,indef,indef,indef,-20.236724853515625,-43.22498321533203,https://www.tripadvisor.com.br/Hotel_Review-g303386-d12614039-Reviews-Pousada_Fazenda_Polyanna-Mariana_State_of_Minas_Gerais.html
Pousada Gamarano,Rua Raimundo Gamarano Sao Pedro No. 1 | Mariana | Minas Gerais 35420-000 Brasil,Mariana ,Pousada,8,46,3.5,indef,83,58,38,-20.38542938232422,-43.42076873779297,https://www.tripadvisor.com.br/Hotel_Review-g303386-d2275414-Reviews-Pousada_Gamarano-Mariana_State_of_Minas_Gerais.html
Avenida Palace Hotel,Avenida Nossa Senhora do Carmo 694 Vila do Carmo | Mariana | Minas Gerais 35420-000 Brasil,Mariana ,Hotel,18,32,3.5,1.0,76,22,10,-20.38610076904297,-43.42496109008789,https://www.tripadvisor.com.br/Hotel_Review-g303386-d2624525-Reviews-Avenida_Palace_Hotel-Mariana_State_of_Minas_Gerais.html
Hotel Muller,Avenida Getulio Vargas 34 | Mariana | Minas Gerais 35420-000 Brasil,Mariana ,Hotel,40,48,3.0,indef,100,73,28,-20.375730514526367,-43.41651153564453,https://www.tripadvisor.com.br/Hotel_Review-g303386-d2492021-Reviews-Hotel_Muller-Mariana_State_of_Minas_Gerais.html
Hotel Faisca,Rua Antonio Olinto 48 | Mariana | Minas Gerais 35420-000 Brasil,Mariana ,Hotel,indef,14,3.0,2.0,100,68,32,-20.376089096069336,-43.41865921020508,https://www.tripadvisor.com.br/Hotel_Review-g303386-d5540451-Reviews-Hotel_Faisca-Mariana_State_of_Minas_Gerais.html
